Project Name,announcementSummary,title,callTitle,tags,Keywords,Beginning,Deadline,URL
STAGE SUSTAINABILITY TRANSITION PROGRAMME,['Sustainable Transition to the Agile and Green Enterprise'],"[""'Innovate to transform' support for SME's sustainability transition (CSA)""]",['STAGE SUSTAINABILITY TRANSITION PROGRAMME'],,[],17 07 2023,31 05 2025,https://ec.europa.eu/info/funding-tenders/opportunities/portal/screen/opportunities/competitive-calls-cs/3701
Permanently Open Call for Targeted Innovation Projects,['EIT Urban Mobility Business Plan 2023-2025'],['EIT Urban Mobility Business Plan 2023-2025'],['Permanently Open Call for Targeted Innovation Projects'],,['Innovation'],14 12 2023,31 12 2025,https://ec.europa.eu/info/funding-tenders/opportunities/portal/screen/opportunities/competitive-calls-cs/4602
"Transforming Food Systems - reshaping food system interactions, fostering food innovations and empowering sustainable food choices",['European partnership for a sustainable Future of Food Systems'],"['European partnership on sustainable food systems for people, planet and climate']","['Transforming Food Systems - reshaping food system interactions, fostering food innovations and empowering sustainable food choices']",,[],06 11 2024,09 07 2025,https://ec.europa.eu/info/funding-tenders/opportunities/portal/screen/opportunities/competitive-calls-cs/9386
EIT RawMaterials Booster Call 2024-2025 for Startups and SMEs,['EIT RawMatrials Business Plan 2023-2025'],['EIT Raw Materials Business Plan 2023-2025'],['EIT RawMaterials Booster Call 2024-2025 for Startups and SMEs'],,[],25 03 2024,06 05 2025,https://ec.europa.eu/info/funding-tenders/opportunities/portal/screen/opportunities/competitive-calls-cs/5822
EIT RawMaterials KAVA CALL 13 - UPSCALING,['EIT RawMatrials Business Plan 2023-2025'],['EIT Raw Materials Business Plan 2023-2025'],['EIT RawMaterials KAVA CALL 13 - UPSCALING'],,[],07 10 2024,28 11 2025,https://ec.europa.eu/info/funding-tenders/opportunities/portal/screen/opportunities/competitive-calls-cs/9141
UP-RISE Open call for fermented food processors,"['EU-AU PARTNERSHIP FOR RESILIENT, INCLUSIVE AND SAFE FOOD SYSTEMS FOR EVERYONE']",['EU-Africa Union – food safety'],['UP-RISE Open call for fermented food processors'],,[],07 10 2024,07 12 2024,https://ec.europa.eu/info/funding-tenders/opportunities/portal/screen/opportunities/competitive-calls-cs/9087
STAGE Financial Grant Programme Call 4,['Sustainable Transition to the Agile and Green Enterprise'],"[""'Innovate to transform' support for SME's sustainability transition (CSA)""]",['STAGE Financial Grant Programme Call 4'],,[],15 07 2024,01 01 2025,https://ec.europa.eu/info/funding-tenders/opportunities/portal/screen/opportunities/competitive-calls-cs/8181
EIT Food Impact Funding Framework,['EIT Food Business Plan 2023-2025'],['EIT Food Business Plan 2023-2025'],['EIT Food Impact Funding Framework'],,[],21 06 2024,13 11 2025,https://ec.europa.eu/info/funding-tenders/opportunities/portal/screen/opportunities/competitive-calls-cs/7641
Fostering Pragmatic Comparative-Effectiveness Trials in Non-communicable Diseases (EffecTrial),['Fostering a European Research Area for Health Research'],['European partnership fostering a European Research Area (ERA) for health research'],['Fostering Pragmatic Comparative-Effectiveness Trials in Non-communicable Diseases (EffecTrial)'],,[],20 11 2024,17 06 2025,https://ec.europa.eu/info/funding-tenders/opportunities/portal/screen/opportunities/competitive-calls-cs/9362
Better care closer to home: Enhancing primary and community care,['European Partnership on Transforming Health and Care Systems'],['European partnership on transforming health and care systems'],['Better care closer to home: Enhancing primary and community care'],,[],26 11 2024,19 06 2025,https://ec.europa.eu/info/funding-tenders/opportunities/portal/screen/opportunities/competitive-calls-cs/9511
"ERDERA Joint Transnational Call 2025 ""Pre-clinical therapy studies for rare diseases using small molecules and biologicals – development and validation""",['EUROPEAN RARE DISEASES RESEARCH ALLIANCE'],['European Partnership on Rare Diseases'],"['ERDERA Joint Transnational Call 2025 ""Pre-clinical therapy studies for rare diseases using small molecules\nand biologicals – development and validation""']",,[],10 12 2024,09 07 2025,https://ec.europa.eu/info/funding-tenders/opportunities/portal/screen/opportunities/competitive-calls-cs/9515
ERC PROOF OF CONCEPT GRANTS,,['ERC PROOF OF CONCEPT GRANTS'],['Call for proposals for ERC Proof of Concept Grant'],"['ERC', 'ERC-2025-POC', 'European Research Council', 'Frontier Research', 'HORIZON-ERC-2025', 'Lump Sum', 'POC', 'POC2025', 'Proof of Concept', 'Proof of Concept Lump Sum']","['ERC-2025-POC', 'ERC-2025-POC']",13 11 2024,18 09 2025,https://ec.europa.eu/info/funding-tenders/opportunities/portal/screen/opportunities/topic-details/erc-2025-poc
Call for marine biodiversity (monitoring) data,['Integration of biodiversity monitoring data into the Digital Twin Ocean'],['Integration of biodiversity monitoring data into the Digital Twin Ocean'],['Call for marine biodiversity (monitoring) data'],,[],18 12 2024,01 03 2025,https://ec.europa.eu/info/funding-tenders/opportunities/portal/screen/opportunities/competitive-calls-cs/9642
INDUSAC OPEN CALL FOR STUDENTS AND RESEARCHERS,"['Quick Challenge-driven, Human-centered Co-Creation mechanism for INDUStry-Academia Collaborations']",['Piloting a new industry-academia knowledge exchange focussing on companies’ needs (CSA)'],['INDUSAC OPEN CALL FOR STUDENTS AND RESEARCHERS'],,[],18 12 2023,16 04 2025,https://ec.europa.eu/info/funding-tenders/opportunities/portal/screen/opportunities/competitive-calls-cs/4642
Understanding the interactions between cardiovascular disorders and comorbidities and/or their therapeutic treatments - InterHeart,['Fostering a European Research Area for Health Research'],['European partnership fostering a European Research Area (ERA) for health research'],['Understanding the interactions between cardiovascular disorders and comorbidities and/or their therapeutic treatments - InterHeart'],,[],07 01 2025,17 06 2025,https://ec.europa.eu/info/funding-tenders/opportunities/portal/screen/opportunities/competitive-calls-cs/9682
European Union Prize for Citizen Science 2025,['Impetus'],['Supporting and giving recognition to citizen science in the European Research Area'],['European Union Prize for Citizen Science 2025'],,"['sustainable', 'eco', 'ecosystem', 'urban', 'society', 'climate change', 'EU Missions']",07 01 2025,11 03 2025,https://ec.europa.eu/info/funding-tenders/opportunities/portal/screen/opportunities/competitive-calls-cs/9804
Europe-Africa Research and Innovation call on Sustainable Energy 2025,['Long-Term Joint EU-AU Research and Innovation Partnership on Sustainable Energy'],['Africa-EU CO-FUND action'],['Europe-Africa Research and Innovation call on Sustainable Energy 2025'],,['Innovation'],14 01 2025,11 09 2025,https://ec.europa.eu/info/funding-tenders/opportunities/portal/screen/opportunities/competitive-calls-cs/9827
EIT Manufacturing's Teaching Factories Competition 2025: Call for companies and students,['EIT Manufacturing Business Plan 2023-2025'],['EIT Manufacturing Business Plan 2023-2025'],"[""EIT Manufacturing's Teaching Factories Competition 2025: Call for companies and students""]",,[],16 12 2024,01 09 2025,https://ec.europa.eu/info/funding-tenders/opportunities/portal/screen/opportunities/competitive-calls-cs/8624
Open Call: Textile and clothing industry facilitators in Athens and Rotterdam,"['Fostering local, beautiful, and sustainably designed regenerative textile and clothing ecosystems']","['Localised and Urban Manufacturing, supporting creativity and the New European Bauhaus (RIA using FSTP)']",['Open Call: Textile and clothing industry facilitators in Athens and Rotterdam'],,[],05 12 2024,19 02 2025,https://ec.europa.eu/info/funding-tenders/opportunities/portal/screen/opportunities/competitive-calls-cs/9561
Call for applications: FRONTIERS Science Journalism Residency Program (round 3),['Fellowship Residencies Offering science News professionals Tools and training for Independent and Ethical Reporting on Science'],['ERC Science Journalism Initiative'],['Call for applications: FRONTIERS Science Journalism Residency Program (round 3)\n'],,[],04 02 2025,07 05 2026,https://ec.europa.eu/info/funding-tenders/opportunities/portal/screen/opportunities/competitive-calls-cs/4481
EIT RawMaterials KAVA call 13 - RIS Innovation and Capacity Building,['EIT RawMatrials Business Plan 2023-2025'],['EIT Raw Materials Business Plan 2023-2025'],['EIT RawMaterials KAVA call 13 - RIS Innovation and Capacity Building'],,['Innovation'],06 11 2024,28 11 2025,https://ec.europa.eu/info/funding-tenders/opportunities/portal/screen/opportunities/competitive-calls-cs/9162
EIT RawMaterials – ERMA Booster Call,['EIT RawMatrials Business Plan 2023-2025'],['EIT Raw Materials Business Plan 2023-2025'],['EIT RawMaterials – ERMA Booster Call'],,[],27 01 2025,09 09 2025,https://ec.europa.eu/info/funding-tenders/opportunities/portal/screen/opportunities/competitive-calls-cs/9942
EIT Jumpstarter 2025,['Cross-KIC Strategic Regional Innovations Cluster'],['EIT Cross-KIC Regional Innovation'],['EIT Jumpstarter 2025'],,[],11 02 2025,03 04 2025,https://ec.europa.eu/info/funding-tenders/opportunities/portal/screen/opportunities/competitive-calls-cs/10162
RDA TIGER Cascade Grant Call for Adoption Grants,['Research Data Alliance facilitation of Targeted International working Groups for EOSC-related Research solutions'],"['Support for initiatives helping to generate global standards, specifications and recommendations for open sharing of FAIR research data, publications and software']",['RDA TIGER Cascade Grant Call for Adoption Grants'],,[],27 02 2025,28 04 2025,https://ec.europa.eu/info/funding-tenders/opportunities/portal/screen/opportunities/competitive-calls-cs/10283
Open call for cascade grants of NEBA Alliance,['NEW EUROPEAN BAUHAUS ACADEMY ALLIANCE'],"['CBE JU supporting activities for the New European Bauhaus Academy, a network for re-skilling and upskilling towards a sustainable construction ecosystem']",['Open call for cascade grants of NEBA Alliance'],,[],28 02 2025,05 05 2025,https://ec.europa.eu/info/funding-tenders/opportunities/portal/screen/opportunities/competitive-calls-cs/10264
Western Balkans R&amp;I Youth Awards and Western Balkans R&amp;I Youth Campaign,"['R&I POLICY making, implementation ANd Support in the WEsteRn BalkanS']",['Support for R&I policy making in the Western Balkans'],['Western Balkans R&I Youth Awards and Western Balkans R&I Youth Campaign'],,[],18 02 2025,19 04 2025,https://ec.europa.eu/info/funding-tenders/opportunities/portal/screen/opportunities/competitive-calls-cs/10222
EIT Jumpstarter Next 2025 Call for Proposals #1,['Cross-KIC Strategic Regional Innovations Cluster'],['EIT Cross-KIC Regional Innovation'],['EIT Jumpstarter Next 2025 Call for Proposals #1'],,[],11 02 2025,12 04 2025,https://ec.europa.eu/info/funding-tenders/opportunities/portal/screen/opportunities/competitive-calls-cs/10167
BOOST Call for Proposals,['Bringing financial support to innOvation and pOrtfolio activitieS increasing impacT of eic-supported research'],['Financial Support under the EIC Booster Grant Scheme'],['BOOST Call for Proposals'],,[],06 03 2025,04 11 2025,https://ec.europa.eu/info/funding-tenders/opportunities/portal/screen/opportunities/competitive-calls-cs/10304
Call4TravelVouchers,"['CO-creating the next generation platform of PILOT and demo infrastructures, unlocking faster innovation and EU bioeconomy growth']","[""EU-wide network of pilot plants and testing facilities, improving SMEs and start-ups' access to scale-up""]",['Call4TravelVouchers'],,[],10 03 2025,08 05 2025,https://ec.europa.eu/info/funding-tenders/opportunities/portal/screen/opportunities/competitive-calls-cs/10361
WE-RISE Open Call #1 Phase 1,"['Women Entrepreneurs in Renewable, Innovative, and Sustainable Enterprises']",['Startup Europe'],['WE-RISE Open Call #1 Phase 1 '],,[],12 03 2025,15 05 2025,https://ec.europa.eu/info/funding-tenders/opportunities/portal/screen/opportunities/competitive-calls-cs/10341
EIT Red Kalyna 2025,['Cross-KIC Strategic Regional Innovations Cluster'],['EIT Cross-KIC Regional Innovation'],['EIT Red Kalyna 2025'],,[],08 03 2025,02 09 2025,https://ec.europa.eu/info/funding-tenders/opportunities/portal/screen/opportunities/competitive-calls-cs/10342
Up2Circ Second Open Call,"['Boosting the uptake of circular business model, product and process innovation']","[""'Innovate to transform' support for SME's sustainability transition (CSA)""]",['Up2Circ Second Open Call'],,[],01 03 2025,01 05 2025,https://ec.europa.eu/info/funding-tenders/opportunities/portal/screen/opportunities/competitive-calls-cs/9805
ELIAS - European Lighthouse of AI for Sustainability - 1st OPEN CALL,['European Lighthouse of AI for Sustainability'],['European Network of AI Excellence Centres: Expanding the European AI lighthouse (RIA)'],['ELIAS - European Lighthouse of AI for Sustainability - 1st OPEN CALL'],,"['sustainable', 'eco', 'ecosystem', 'urban', 'society', 'climate change', 'EU Missions']",30 01 2025,01 05 2025,https://ec.europa.eu/info/funding-tenders/opportunities/portal/screen/opportunities/competitive-calls-cs/9981
JARVIS Open Call #1,['Intersubjective AI-driven multimodal interaction for advanced user-centric human robot collaborative applications'],"['Industrial leadership in AI, Data and Robotics – advanced human robot interaction (AI Data and Robotics Partnership) (IA)']",['JARVIS Open Call #1'],,[],05 03 2025,05 05 2025,https://ec.europa.eu/info/funding-tenders/opportunities/portal/screen/opportunities/competitive-calls-cs/10305
LivingSoiLL Open Call,['Healthy Soil to Permanent Crops Living Labs'],['Co-creating solutions for soil health in Living Labs'],['LivingSoiLL Open Call'],,[],05 03 2025,05 05 2025,https://ec.europa.eu/info/funding-tenders/opportunities/portal/screen/opportunities/competitive-calls-cs/10121
2025 FAST TRACK TO MARKET INITIATIVE – SPRING,['EIT Food Business Plan 2023-2025'],['EIT Food Business Plan 2023-2025'],['2025 FAST TRACK TO MARKET INITIATIVE – SPRING'],,[],04 03 2025,06 05 2025,https://ec.europa.eu/info/funding-tenders/opportunities/portal/screen/opportunities/competitive-calls-cs/10322
OSCARS 2nd Open Call for Open Science Projects and Services,['O.S.C.A.R.S. - Open Science Clusters’ Action for Research and Society'],['Build on the science cluster approach to ensure the uptake of EOSC by research infrastructures and research communities'],['OSCARS 2nd Open Call for Open Science Projects and Services'],,[],14 03 2025,14 05 2025,https://ec.europa.eu/info/funding-tenders/opportunities/portal/screen/opportunities/competitive-calls-cs/9182
InnoNext - Next Generation Innovation Talents' Initiative,"[""The Next Generation Innovation Talents' initiative""]",['Next Generation Innovation Talents'],"[""InnoNext - Next Generation Innovation Talents' Initiative""]",,['Innovation'],17 03 2025,01 08 2026,https://ec.europa.eu/info/funding-tenders/opportunities/portal/screen/opportunities/competitive-calls-cs/10401
NGI Zero Commons Fund (2025-06Z),"['Create, mature and grow internet commons']",['Next Generation Internet Fund (RIA)'],['NGI Zero Commons Fund (2025-06Z)'],,[],01 04 2025,01 06 2025,https://ec.europa.eu/info/funding-tenders/opportunities/portal/screen/opportunities/competitive-calls-cs/10461
NGI Mobifree open call (2025-06M),['Mobile Freedom (MOBIFREE)'],['Pilots for the Next Generation Internet (IA)'],['NGI Mobifree open call (2025-06M)'],,[],01 04 2025,01 06 2025,https://ec.europa.eu/info/funding-tenders/opportunities/portal/screen/opportunities/competitive-calls-cs/10465
NGI Fediversity open call (2025-06F),['Fediversity'],['Pilots for the Next Generation Internet (IA)'],['NGI Fediversity open call (2025-06F)'],,[],01 04 2025,01 06 2025,https://ec.europa.eu/info/funding-tenders/opportunities/portal/screen/opportunities/competitive-calls-cs/10463
Open Call for Farmers to contribute to the LILAS4SOILS Project,['Fostering Carbon Farming Practices through LIving LAbS in the Mediterranean and Southern EU for the healthy future of European SOILS'],['Carbon farming in living labs'],['Open Call for Farmers to contribute to the LILAS4SOILS Project'],,[],11 03 2025,17 05 2025,https://ec.europa.eu/info/funding-tenders/opportunities/portal/screen/opportunities/competitive-calls-cs/10368
PQ-REACT Open Call #2 - IMPLEMENT,['Post Quantum Cryptography Framework for Energy Aware Contexts'],['Transition towards Quantum-Resistant Cryptography'],['PQ-REACT Open Call #2 - IMPLEMENT'],,[],02 04 2025,27 05 2025,https://ec.europa.eu/info/funding-tenders/opportunities/portal/screen/opportunities/competitive-calls-cs/10428
FORTIS Open Call #1: Boosting Development of the FORTIS Solution,['Multi-Modal and Multi-Aspect Holistic Human-Robot Interaction'],"['Industrial leadership in AI, Data and Robotics – advanced human robot interaction (AI Data and Robotics Partnership) (IA)']",['FORTIS Open Call #1: Boosting Development of the FORTIS Solution'],,[],01 04 2025,04 06 2025,https://ec.europa.eu/info/funding-tenders/opportunities/portal/screen/opportunities/competitive-calls-cs/10470
SPADE Open Call #2,['multi-purpoSe Physical-cyber Agri-forest Drones Ecosystem for governance and environmental observation'],['Potential of drones as multi-purpose vehicle – risks and added values'],['SPADE Open Call #2 '],,[],24 03 2025,26 05 2025,https://ec.europa.eu/info/funding-tenders/opportunities/portal/screen/opportunities/competitive-calls-cs/10425
MASTER: 2nd Open Call,['Mixed reality ecosystem for teaching robotics in manufacturing'],['eXtended Reality Learning - Engage and Interact (IA)'],['MASTER: 2nd Open Call'],,[],07 04 2025,12 06 2025,https://ec.europa.eu/info/funding-tenders/opportunities/portal/screen/opportunities/competitive-calls-cs/10502
Open Call for Associated Regions aiming at assessing the replicability and exploitability potentials of the RHE-MEDiation technologies.,['RHE-MEDiation - Responsive hub for long term governance to destress the Mediterranean Sea from chemical pollution'],"['Mediterranean sea basin lighthouse - Actions to prevent, minimise and remediate chemical pollution']",['Open Call for Associated Regions aiming at assessing the replicability and exploitability potentials of the RHE-MEDiation technologies.'],,[],31 03 2025,31 05 2025,https://ec.europa.eu/info/funding-tenders/opportunities/portal/screen/opportunities/competitive-calls-cs/10378
The European Capital of Innovation Award (iCapital),,['The European Capital of Innovation Award (iCapital)'],['The European Capital of Innovation Award (ICapital)'],[],"['HORIZON-EIC-2025-PRIZE-2-01', 'HORIZON-EIC-2025-PRIZE-2', 'sustainable', 'eco', 'ecosystem', 'urban', 'society', 'climate change', 'EU Missions', 'Innovation']",20 03 2025,18 06 2025,https://ec.europa.eu/info/funding-tenders/opportunities/portal/screen/opportunities/topic-details/horizon-eic-2025-prize-2-01
The European Capital of Innovation Awards (Rising),,['The European Capital of Innovation Awards (Rising)'],['The European Capital of Innovation Award (ICapital)'],[],"['HORIZON-EIC-2025-PRIZE-2-02', 'HORIZON-EIC-2025-PRIZE-2', 'sustainable', 'eco', 'ecosystem', 'urban', 'society', 'climate change', 'EU Missions', 'Innovation']",20 03 2025,18 06 2025,https://ec.europa.eu/info/funding-tenders/opportunities/portal/screen/opportunities/topic-details/horizon-eic-2025-prize-2-02
WATER,,['WATER'],['EIT Call for Proposals 2025'],"['Consortium', 'EIT Community', 'EIT KICs', 'European Institute of Innovation & Technology', 'Knowledge & Innovation Community', 'Water, Marine and Maritime Sectors and Ecosystems']","['HORIZON-EIT-2025', 'HORIZON-EIT-2025-KIC-WATER', 'Business model innovation', 'Disruptive innovation', 'Higher education', 'Hydrosphere - Freshwater', 'Hydrosphere - Marine and Ocean', 'Innovation management', 'Innovation strategies', 'Innovation support services', 'Innovation systems', 'Innovative solutions for maritime challenges', 'Integrated management of water', 'Marine and Ocean Management', 'Market-creating innovation', 'Open innovation', 'Product innovation', 'Related to SME and start-up support', 'Related to industrial policy', 'Related to regional development', 'Service innovation', 'Smart Specialisation strategies', 'Sustainable innovation', 'Technological innovation', 'Vocational training', 'Water management', 'Water technology']",20 02 2025,17 06 2025,https://ec.europa.eu/info/funding-tenders/opportunities/portal/screen/opportunities/topic-details/horizon-eit-2025
ATM impact on climate change,,['ATM impact on climate change'],['Digital European Sky Exploratory Research 03'],[],"['HORIZON-SESAR-2025-DES-ER-03-WA1-1', 'HORIZON-SESAR-2025-DES-ER-03']",01 04 2025,16 09 2025,https://ec.europa.eu/info/funding-tenders/opportunities/portal/screen/opportunities/topic-details/horizon-sesar-2025-des-er-03-wa1-1
Fundamental research for other topics,,['Fundamental research for other topics'],['Digital European Sky Exploratory Research 03'],[],"['HORIZON-SESAR-2025-DES-ER-03-WA1-4', 'HORIZON-SESAR-2025-DES-ER-03']",01 04 2025,16 09 2025,https://ec.europa.eu/info/funding-tenders/opportunities/portal/screen/opportunities/topic-details/horizon-sesar-2025-des-er-03-wa1-4
Research to help shape the future regulatory framework for a DES,,['Research to help shape the future regulatory framework for a DES'],['Digital European Sky Exploratory Research 03'],[],"['HORIZON-SESAR-2025-DES-ER-03-WA2-1', 'HORIZON-SESAR-2025-DES-ER-03']",01 04 2025,16 09 2025,https://ec.europa.eu/info/funding-tenders/opportunities/portal/screen/opportunities/topic-details/horizon-sesar-2025-des-er-03-wa2-1
Integration of the next generation aircraft for zero/low emission aviation,,['Integration of the next generation aircraft for zero/low emission aviation'],['Digital European Sky Exploratory Research 03'],[],"['HORIZON-SESAR-2025-DES-ER-03-WA2-2', 'HORIZON-SESAR-2025-DES-ER-03']",01 04 2025,16 09 2025,https://ec.europa.eu/info/funding-tenders/opportunities/portal/screen/opportunities/topic-details/horizon-sesar-2025-des-er-03-wa2-2
Investigate quantum sensing and computing applied to ATM,,['Investigate quantum sensing and computing applied to ATM'],['Digital European Sky Exploratory Research 03'],[],"['HORIZON-SESAR-2025-DES-ER-03-WA1-3', 'HORIZON-SESAR-2025-DES-ER-03']",01 04 2025,16 09 2025,https://ec.europa.eu/info/funding-tenders/opportunities/portal/screen/opportunities/topic-details/horizon-sesar-2025-des-er-03-wa1-3
Digital flight rules,,['Digital flight rules'],['Digital European Sky Exploratory Research 03'],[],"['HORIZON-SESAR-2025-DES-ER-03-WA1-2', 'HORIZON-SESAR-2025-DES-ER-03']",01 04 2025,16 09 2025,https://ec.europa.eu/info/funding-tenders/opportunities/portal/screen/opportunities/topic-details/horizon-sesar-2025-des-er-03-wa1-2
Transformation to trajectory-based operations,,['Transformation to trajectory-based operations'],['Digital European Sky Industrial Research 02'],[],"['HORIZON-SESAR-2025-DES-IR-02-WA1-1', 'HORIZON-SESAR-2025-DES-IR-02']",01 04 2025,16 09 2025,https://ec.europa.eu/info/funding-tenders/opportunities/portal/screen/opportunities/topic-details/horizon-sesar-2025-des-ir-02-wa1-1
Highly automated ATM for all airspace users,,['Highly automated ATM for all airspace users'],['Digital European Sky Industrial Research 02'],[],"['HORIZON-SESAR-2025-DES-IR-02-WA5-2', 'HORIZON-SESAR-2025-DES-IR-02']",01 04 2025,16 09 2025,https://ec.europa.eu/info/funding-tenders/opportunities/portal/screen/opportunities/topic-details/horizon-sesar-2025-des-ir-02-wa5-2
Enhanced CNS capabilities,,['Enhanced CNS capabilities'],['Digital European Sky Industrial Research 02'],[],"['HORIZON-SESAR-2025-DES-IR-02-WA3-2', 'HORIZON-SESAR-2025-DES-IR-02']",01 04 2025,16 09 2025,https://ec.europa.eu/info/funding-tenders/opportunities/portal/screen/opportunities/topic-details/horizon-sesar-2025-des-ir-02-wa3-2
Fast-track Enabling innovative air mobility (IAM) / Vertical take-off and landing capable aircraft (VCA) (crewed and uncrewed) operations,,['Fast-track Enabling innovative air mobility (IAM) / Vertical take-off and landing capable aircraft (VCA) (crewed and uncrewed) operations'],['Digital European Sky Industrial Research 02'],[],"['HORIZON-SESAR-2025-DES-IR-02-WA6-3', 'HORIZON-SESAR-2025-DES-IR-02']",01 04 2025,16 09 2025,https://ec.europa.eu/info/funding-tenders/opportunities/portal/screen/opportunities/topic-details/horizon-sesar-2025-des-ir-02-wa6-3
"Smart airports, airports as multimodal nodes and passenger experience",,"['Smart airports, airports as multimodal nodes and passenger experience']",['Digital European Sky Industrial Research 02'],[],"['HORIZON-SESAR-2025-DES-IR-02-WA4-2', 'HORIZON-SESAR-2025-DES-IR-02']",01 04 2025,16 09 2025,https://ec.europa.eu/info/funding-tenders/opportunities/portal/screen/opportunities/topic-details/horizon-sesar-2025-des-ir-02-wa4-2
Support to programme execution on SESAR architecture and on Strategic deployment planning and monitoring,,['Support to programme execution on SESAR architecture and on Strategic deployment planning and monitoring'],['Digital European Sky Industrial Research 02'],[],"['HORIZON-SESAR-2025-DES-IR-02-WA7-2', 'HORIZON-SESAR-2025-DES-IR-02']",01 04 2025,16 09 2025,https://ec.europa.eu/info/funding-tenders/opportunities/portal/screen/opportunities/topic-details/horizon-sesar-2025-des-ir-02-wa7-2
Support to programme execution framework on performance,,['Support to programme execution framework on performance'],['Digital European Sky Industrial Research 02'],[],"['HORIZON-SESAR-2025-DES-IR-02-WA7-1', 'HORIZON-SESAR-2025-DES-IR-02']",01 04 2025,16 09 2025,https://ec.europa.eu/info/funding-tenders/opportunities/portal/screen/opportunities/topic-details/horizon-sesar-2025-des-ir-02-wa7-1
Next generation ATS platform for airport operations,,['Next generation ATS platform for airport operations'],['Digital European Sky Industrial Research 02'],[],"['HORIZON-SESAR-2025-DES-IR-02-WA4-1', 'HORIZON-SESAR-2025-DES-IR-02']",01 04 2025,16 09 2025,https://ec.europa.eu/info/funding-tenders/opportunities/portal/screen/opportunities/topic-details/horizon-sesar-2025-des-ir-02-wa4-1
Airborne capabilities for supporting reducing ATM environmental footprint,,['Airborne capabilities for supporting reducing ATM environmental footprint'],['Digital European Sky Industrial Research 02'],[],"['HORIZON-SESAR-2025-DES-IR-02-WA5-3', 'HORIZON-SESAR-2025-DES-IR-02']",01 04 2025,16 09 2025,https://ec.europa.eu/info/funding-tenders/opportunities/portal/screen/opportunities/topic-details/horizon-sesar-2025-des-ir-02-wa5-3
Next generation ATS platforms for en-route and TMA operations,,['Next generation ATS platforms for en-route and TMA operations'],['Digital European Sky Industrial Research 02'],[],"['HORIZON-SESAR-2025-DES-IR-02-WA3-1', 'HORIZON-SESAR-2025-DES-IR-02']",01 04 2025,16 09 2025,https://ec.europa.eu/info/funding-tenders/opportunities/portal/screen/opportunities/topic-details/horizon-sesar-2025-des-ir-02-wa3-1
Transition towards high performance of air-ground connectivity (multilink),,['Transition towards high performance of air-ground connectivity (multilink)'],['Digital European Sky Industrial Research 02'],[],"['HORIZON-SESAR-2025-DES-IR-02-WA2-1', 'HORIZON-SESAR-2025-DES-IR-02', 'Technology', 'business', 'market', 'commercial']",01 04 2025,16 09 2025,https://ec.europa.eu/info/funding-tenders/opportunities/portal/screen/opportunities/topic-details/horizon-sesar-2025-des-ir-02-wa2-1
Fast-track Extending U-space eco-system,,['Fast-track Extending U-space eco-system'],['Digital European Sky Industrial Research 02'],[],"['HORIZON-SESAR-2025-DES-IR-02-WA6-2', 'HORIZON-SESAR-2025-DES-IR-02']",01 04 2025,16 09 2025,https://ec.europa.eu/info/funding-tenders/opportunities/portal/screen/opportunities/topic-details/horizon-sesar-2025-des-ir-02-wa6-2
Increased automation assistance for the pilot for ATM tasks,,['Increased automation assistance for the pilot for ATM tasks'],['Digital European Sky Industrial Research 02'],[],"['HORIZON-SESAR-2025-DES-IR-02-WA5-1', 'HORIZON-SESAR-2025-DES-IR-02']",01 04 2025,16 09 2025,https://ec.europa.eu/info/funding-tenders/opportunities/portal/screen/opportunities/topic-details/horizon-sesar-2025-des-ir-02-wa5-1
OC2: Building Novel Circular Value Chain Demonstrators,['Circular and Dynamic Manufacturing Supply Chain Orchestration and OptimiSation'],['ICT Innovation for Manufacturing Sustainability in SMEs (I4MS2) (Made in Europe Partnership) (IA)'],['OC2: Building Novel Circular Value Chain Demonstrators'],,[],04 04 2025,28 05 2025,https://ec.europa.eu/info/funding-tenders/opportunities/portal/screen/opportunities/competitive-calls-cs/10504
Fast-track U3 U-space advanced services and CNS capabilities,,['Fast-track U3 U-space advanced services and CNS capabilities'],['Digital European Sky Industrial Research 02'],[],"['HORIZON-SESAR-2025-DES-IR-02-WA6-1', 'HORIZON-SESAR-2025-DES-IR-02']",01 04 2025,16 09 2025,https://ec.europa.eu/info/funding-tenders/opportunities/portal/screen/opportunities/topic-details/horizon-sesar-2025-des-ir-02-wa6-1
Danube River-Black Sea Lighthouse Call,['TIDAL ArtS: TransformIng anD inspiring Aquatic Landscapes through Art and Sciences'],['Ocean & water and arts: the contribution of creative sectors to Mission Ocean and waters'],['Danube River-Black Sea Lighthouse Call'],,[],14 04 2025,15 06 2025,https://ec.europa.eu/info/funding-tenders/opportunities/portal/screen/opportunities/competitive-calls-cs/10627
Atlantic - Arctic Lighthouse Call,['TIDAL ArtS: TransformIng anD inspiring Aquatic Landscapes through Art and Sciences'],['Ocean & water and arts: the contribution of creative sectors to Mission Ocean and waters'],['Atlantic - Arctic Lighthouse Call'],,[],14 04 2025,15 06 2025,https://ec.europa.eu/info/funding-tenders/opportunities/portal/screen/opportunities/competitive-calls-cs/10624
MSCA COFUND 2025,,['MSCA COFUND 2025'],['MSCA COFUND 2025'],[],"['HORIZON-MSCA-2025-COFUND-01-01', 'HORIZON-MSCA-2025-COFUND-01', 'PhD', 'Doctoral', 'post-doc', 'postdoctoral', 'R&I', 'interdisciplinary', 'mobility', 'innovation']",23 01 2025,24 06 2025,https://ec.europa.eu/info/funding-tenders/opportunities/portal/screen/opportunities/topic-details/horizon-msca-2025-cofund-01-01
EIC Accelerator 2025 - Short application,,['EIC Accelerator 2025 - Short application'],['EIC Accelerator 2025 - Short application'],['STEP-Digital/deep tech'],"['HORIZON-EIC-2025-ACCELERATOR-01', 'HORIZON-EIC-2025-ACCELERATOR-01', 'deep tech', 'patient capital', 'research', 'innovation', 'technology', 'EIC']",29 10 2024,18 12 2025,https://ec.europa.eu/info/funding-tenders/opportunities/portal/screen/opportunities/topic-details/horizon-eic-2025-accelerator-01
MSCA Staff Exchanges 2025,,['MSCA Staff Exchanges 2025'],['MSCA Staff Exchanges 2025'],[],"['HORIZON-MSCA-2025-SE-01-01', 'HORIZON-MSCA-2025-SE-01', 'PhD', 'Doctoral', 'post-doc', 'postdoctoral', 'R&I', 'interdisciplinary', 'mobility', 'innovation']",27 03 2025,08 10 2025,https://ec.europa.eu/info/funding-tenders/opportunities/portal/screen/opportunities/topic-details/horizon-msca-2025-se-01-01
SOPRANO Open Call - Industry Demonstrators of the SOPRANO Technologies,['Socially-Acceptable and Trustworthy Human-Robot Teaming for Agile Industries'],"['Increased robotics capabilities demonstrated in key sectors (AI, Data and Robotics Partnership) (IA)']",['SOPRANO Open Call - Industry Demonstrators of the SOPRANO Technologies\n'],,[],13 03 2025,20 05 2025,https://ec.europa.eu/info/funding-tenders/opportunities/portal/screen/opportunities/competitive-calls-cs/10373
EIC Pathfinder Open,,['EIC Pathfinder Open'],['EIC Pathfinder 2025'],"['PATHFINDER', 'PATHFINDER OPEN', 'PATHFINDEROPEN']","['HORIZON-EIC-2025-PATHFINDEROPEN', 'HORIZON-EIC-2025-PATHFINDEROPEN', 'deep tech', 'patient capital', 'research', 'innovation', 'technology', 'EIC']",20 02 2025,21 05 2025,https://ec.europa.eu/info/funding-tenders/opportunities/portal/screen/opportunities/topic-details/horizon-eic-2025-pathfinderopen
EIC STEP Scale Up,,['EIC STEP Scale Up'],['EIC STEP Scale Up'],"['STEP-Biotech', 'STEP-Digital/deep tech', 'STEP-Cleantech']","['HORIZON-EIC-2025-EICSTEP-01', 'HORIZON-EIC-2025-EICSTEP-01', 'deep tech', 'patient capital', 'research', 'innovation', 'technology', 'EIC']",26 11 2024,16 12 2025,https://ec.europa.eu/info/funding-tenders/opportunities/portal/screen/opportunities/topic-details/horizon-eic-2025-eicstep-01
Ground Test Demonstration and Preparation of Flight Test of an Ultra High Bypass Ratio Ducted Geared Turbofan Engine for SMR Aircraft,,['Ground Test Demonstration and Preparation of Flight Test of an Ultra High Bypass Ratio Ducted Geared Turbofan Engine for SMR Aircraft'],['Clean Aviation CfP 03'],[],"['HORIZON-JU-CLEAN-AVIATION-2025-03-SMR-01', 'HORIZON-JU-Clean-Aviation-2025-01']",27 03 2025,15 05 2025,https://ec.europa.eu/info/funding-tenders/opportunities/portal/screen/opportunities/topic-details/horizon-ju-clean-aviation-2025-03-smr-01
"Demonstration of a Hybrid-Electric Propulsion System for Regional aircraft, including Pylon and Nacelle Integration and modification",,"['Demonstration of a Hybrid-Electric Propulsion System for Regional aircraft, including Pylon and Nacelle Integration and modification']",['Clean Aviation CfP 03'],[],"['HORIZON-JU-CLEAN-AVIATION-2025-03-REG-01', 'HORIZON-JU-Clean-Aviation-2025-01']",27 03 2025,15 05 2025,https://ec.europa.eu/info/funding-tenders/opportunities/portal/screen/opportunities/topic-details/horizon-ju-clean-aviation-2025-03-reg-01
Ground Test Demonstration up to TRL5 of On-Board NPE Systems Architecture for SMR Aircraft,,['Ground Test Demonstration up to TRL5 of On-Board NPE Systems Architecture for SMR Aircraft'],['Clean Aviation CfP 03'],[],"['HORIZON-JU-CLEAN-AVIATION-2025-03-SMR-03', 'HORIZON-JU-Clean-Aviation-2025-01']",27 03 2025,15 05 2025,https://ec.europa.eu/info/funding-tenders/opportunities/portal/screen/opportunities/topic-details/horizon-ju-clean-aviation-2025-03-smr-03
Demonstration of On-board Systems relevant for hybridization of Regional aircraft,,['Demonstration of On-board Systems relevant for hybridization of Regional aircraft'],['Clean Aviation CfP 03'],[],"['HORIZON-JU-CLEAN-AVIATION-2025-03-REG-02', 'HORIZON-JU-Clean-Aviation-2025-01']",27 03 2025,15 05 2025,https://ec.europa.eu/info/funding-tenders/opportunities/portal/screen/opportunities/topic-details/horizon-ju-clean-aviation-2025-03-reg-02
Flight Test Demonstration of an Unducted Engine Architecture for SMR Aircraft,,['Flight Test Demonstration of an Unducted Engine Architecture for SMR Aircraft'],['Clean Aviation CfP 03'],[],"['HORIZON-JU-CLEAN-AVIATION-2025-03-SMR-02', 'HORIZON-JU-Clean-Aviation-2025-01']",27 03 2025,15 05 2025,https://ec.europa.eu/info/funding-tenders/opportunities/portal/screen/opportunities/topic-details/horizon-ju-clean-aviation-2025-03-smr-02
Flight Test Demonstration of Hybrid-Electric Propulsion for Regional aircraft,,['Flight Test Demonstration of Hybrid-Electric Propulsion for Regional aircraft'],['Clean Aviation CfP 03'],[],"['HORIZON-JU-CLEAN-AVIATION-2025-03-REG-03', 'HORIZON-JU-Clean-Aviation-2025-01']",27 03 2025,15 05 2025,https://ec.europa.eu/info/funding-tenders/opportunities/portal/screen/opportunities/topic-details/horizon-ju-clean-aviation-2025-03-reg-03
Aircraft concept and key technologies integration and impact assessment,,['Aircraft concept and key technologies integration and impact assessment'],['Clean Aviation CfP 03'],[],"['HORIZON-JU-CLEAN-AVIATION-2025-03-ACI-01', 'HORIZON-JU-Clean-Aviation-2025-01']",27 03 2025,15 05 2025,https://ec.europa.eu/info/funding-tenders/opportunities/portal/screen/opportunities/topic-details/horizon-ju-clean-aviation-2025-03-aci-01
Women Tech.EU initiative,,['Women Tech.EU initiative'],['Women Tech.EU initiative'],['Women TechEU'],"['HORIZON-EIC-2025-WOMENTECH', 'HORIZON-EIC-2025-WOMENTECH', 'Angel investment', 'Business coaching and mentoring', 'Business development', 'Business models', 'Business plan', 'Business strategies', 'Entrepreneurship', 'Gender in innovation development', 'Incubator companies', 'Innovation and diversity (e.g. gender)', 'Private equity', 'Related to SME and start-up support', 'SME support', 'Seed capital', 'Spin-off companies', 'Start-up companies']",01 04 2025,02 09 2025,https://ec.europa.eu/info/funding-tenders/opportunities/portal/screen/opportunities/topic-details/horizon-eic-2025-womentech
Circular-by-design fibre-based packaging with improved properties,,['Circular-by-design fibre-based packaging with improved properties'],['Circular Bio-based Europe Joint Undertaking'],"['additives', 'adhesives', 'bio-based packaging', 'circular bioeconomy', 'circular packaging', 'circularity', 'coatings', 'fibre-based packaging', 'packaging', 'packaging materials', 'packaging recycling', 'safe-and-sustainable-by-design', 'STEP-Biotech']","['HORIZON-JU-CBE-2025-IAFlag-03', 'HORIZON-JU-CBE-2025', 'Bio-based products (products that are manufactured using biological material as feedstock) bio-based materials, bio-based plastics, biofuels, bio-based and bio-derived bulk and fine chemicals, bio-based and bio-derived novel materials', 'Composites (including laminates, reinforced plastics, cermets, combined natural and synthetic fibre fabrics filled composites)', 'Materials engineering', 'Materials engineering (biomaterials, metals, ceramics, polymers, composites, etc.)', 'Polymers and plastics']",03 04 2025,18 09 2025,https://ec.europa.eu/info/funding-tenders/opportunities/portal/screen/opportunities/topic-details/horizon-ju-cbe-2025-iaflag-03
Valorisation of untapped forest biomass,,['Valorisation of untapped forest biomass'],['Circular Bio-based Europe Joint Undertaking'],"['agro-forestry', 'bio-based chemicals', 'bio-based materials', 'forest', 'forest biomass', 'forest management', 'forest restoration', 'logistics', 'non-wood', 'wood']","['HORIZON-JU-CBE-2025-RIA-01', 'HORIZON-JU-CBE-2025', 'Bio-based products (products that are manufactured using biological material as feedstock) bio-based materials, bio-based plastics, biofuels, bio-based and bio-derived bulk and fine chemicals, bio-based and bio-derived novel materials', 'Forest adaptation to climate change', 'Forestry', 'Forestry, biomass production (e.g. for biofuels)', 'Non-wood forest products']",03 04 2025,18 09 2025,https://ec.europa.eu/info/funding-tenders/opportunities/portal/screen/opportunities/topic-details/horizon-ju-cbe-2025-ria-01
Urban-industrial symbiosis for bio-waste valorisation,,['Urban-industrial symbiosis for bio-waste valorisation'],['Circular Bio-based Europe Joint Undertaking'],"['bio-based products', 'bio-waste', 'biorefinery', 'circular bioeconomy', 'logistics', 'safe-and-sustainable-by-design', 'urban-industrial symbiosis', 'waste collection', 'waste management', 'waste prevention', 'STEP-Biotech']","['HORIZON-JU-CBE-2025-IAFlag-01', 'HORIZON-JU-CBE-2025', 'Bio-based products (products that are manufactured using biological material as feedstock) bio-based materials, bio-based plastics, biofuels, bio-based and bio-derived bulk and fine chemicals, bio-based and bio-derived novel materials', 'Civil engineering, maritime/hydraulic engineering, geotechnics, waste treatment', 'Industrial biotechnology', 'Urban waste', 'Waste management']",03 04 2025,18 09 2025,https://ec.europa.eu/info/funding-tenders/opportunities/portal/screen/opportunities/topic-details/horizon-ju-cbe-2025-iaflag-01
Develop and deploy new curricula and knowledge exchange practices relevant to bio-based systems,,['Develop and deploy new curricula and knowledge exchange practices relevant to bio-based systems'],['Circular Bio-based Europe Joint Undertaking'],"['abilities', 'ability', 'capabilities', 'capability', 'competence', 'competencies', 'competency', 'expertise', 'qualitifcation']","['HORIZON-JU-CBE-2025-CSA-01', 'HORIZON-JU-CBE-2025', 'Bio-based products (products that are manufactured using biological material as feedstock) bio-based materials, bio-based plastics, biofuels, bio-based and bio-derived bulk and fine chemicals, bio-based and bio-derived novel materials', 'Education: systems and institutions, teaching and learning', 'Knowledge and Technology transfer', 'Knowledge infrastructure']",03 04 2025,18 09 2025,https://ec.europa.eu/info/funding-tenders/opportunities/portal/screen/opportunities/topic-details/horizon-ju-cbe-2025-csa-01
"Bio-based drop-ins/smart drop-in platform chemicals, via cost-effective, sustainable and resource-efficient conversion of biomass",,"['Bio-based drop-ins/smart drop-in platform chemicals, via cost-effective, sustainable and resource-efficient conversion of biomass']",['Circular Bio-based Europe Joint Undertaking'],"['bio-based chemicals', 'bio-based drop-in platform chemicals', 'bio-based products', 'bioconversion', 'biorefinery', 'safe-and-sustainable-by-design', 'sustainability', 'STEP-Biotech']","['HORIZON-JU-CBE-2025-IAFlag-02', 'HORIZON-JU-CBE-2025', 'Applied and industrial chemistry', 'Bio-based products (products that are manufactured using biological material as feedstock) bio-based materials, bio-based plastics, biofuels, bio-based and bio-derived bulk and fine chemicals, bio-based and bio-derived novel materials', 'Bioprocessing technologies (industrial processes relying on biological agents to drive the process) biocatalysis, fermentation', 'Industrial bioengineering', 'Industrial biotechnology']",03 04 2025,18 09 2025,https://ec.europa.eu/info/funding-tenders/opportunities/portal/screen/opportunities/topic-details/horizon-ju-cbe-2025-iaflag-02
Alternative biomanufacturing routes for natural and synthetic rubber,,['Alternative biomanufacturing routes for natural and synthetic rubber'],['Circular Bio-based Europe Joint Undertaking'],"['bio-based products', 'bio-based synthetic rubber', 'biomanufacturing', 'elastomers', 'isoprenoids', 'natural rubber', 'plant genetics', 'rubber']","['HORIZON-JU-CBE-2025-RIA-03', 'HORIZON-JU-CBE-2025', 'Bio-based products (products that are manufactured using biological material as feedstock) bio-based materials, bio-based plastics, biofuels, bio-based and bio-derived bulk and fine chemicals, bio-based and bio-derived novel materials', 'Bioprocessing technologies (industrial processes relying on biological agents to drive the process) biocatalysis, fermentation', 'Plant genetic resources']",03 04 2025,18 09 2025,https://ec.europa.eu/info/funding-tenders/opportunities/portal/screen/opportunities/topic-details/horizon-ju-cbe-2025-ria-03
Retrofitting of (bio)refineries industrial plants towards higher-value bio-based products,,['Retrofitting of (bio)refineries industrial plants towards higher-value bio-based products'],['Circular Bio-based Europe Joint Undertaking'],"['bio-based chemicals', 'bio-based materials', 'bio-based products', 'biomass conversion', 'biomass supply and logistics', 'biorefinery', 'cascading use of biomass', 'industrial plant', 'industrial reconversion', 'retrofitting', 'secondary biomass', 'sustainability', 'STEP-Biotech']","['HORIZON-JU-CBE-2025-IAFlag-04', 'HORIZON-JU-CBE-2025', 'Bio-based products (products that are manufactured using biological material as feedstock) bio-based materials, bio-based plastics, biofuels, bio-based and bio-derived bulk and fine chemicals, bio-based and bio-derived novel materials', 'Bioprocessing technologies (industrial processes relying on biological agents to drive the process) biocatalysis, fermentation', 'Industrial biotechnology', 'Industrial sectoral change']",03 04 2025,18 09 2025,https://ec.europa.eu/info/funding-tenders/opportunities/portal/screen/opportunities/topic-details/horizon-ju-cbe-2025-iaflag-04
"Sustainable macroalgae systems for innovative, added-value applications: cultivation and optimised production systems",,"['Sustainable macroalgae systems for innovative, added-value applications: cultivation and optimised production systems']",['Circular Bio-based Europe Joint Undertaking'],"['algaculture', 'aquaculture', 'aquafarming', 'benthic', 'freshwater', 'kelp', 'mariculture', 'seaweed', 'STEP-Biotech']","['HORIZON-JU-CBE-2025-IA-01', 'HORIZON-JU-CBE-2025', 'Aquaculture, fisheries', 'Bio-based products (products that are manufactured using biological material as feedstock) bio-based materials, bio-based plastics, biofuels, bio-based and bio-derived bulk and fine chemicals, bio-based and bio-derived novel materials', 'Chemical engineering (plants, products)', 'Environment, fisheries and aquaculture interactions']",03 04 2025,18 09 2025,https://ec.europa.eu/info/funding-tenders/opportunities/portal/screen/opportunities/topic-details/horizon-ju-cbe-2025-ia-01
Scaling-up nutritional proteins from alternative sources,,['Scaling-up nutritional proteins from alternative sources'],['Circular Bio-based Europe Joint Undertaking'],"['amino acid', 'diet', 'feedstuff', 'fishmeal', 'hydrolysate', 'insect', 'livestock', 'meal', 'nourishment', 'poultry', 'STEP-Biotech']","['HORIZON-JU-CBE-2025-IA-03', 'HORIZON-JU-CBE-2025', 'Bio-based products (products that are manufactured using biological material as feedstock) bio-based materials, bio-based plastics, biofuels, bio-based and bio-derived bulk and fine chemicals, bio-based and bio-derived novel materials', 'Bioprocessing technologies (industrial processes relying on biological agents to drive the process) biocatalysis, fermentation', 'Feed additives', 'Food and drink processing', 'Nutrition, Dietetics']",03 04 2025,18 09 2025,https://ec.europa.eu/info/funding-tenders/opportunities/portal/screen/opportunities/topic-details/horizon-ju-cbe-2025-ia-03
SSbD bio-based solutions to replace hazardous conventional chemicals for textiles production,,['SSbD bio-based solutions to replace hazardous conventional chemicals for textiles production'],['Circular Bio-based Europe Joint Undertaking'],"['clothe', 'clothing', 'dyeing', 'fashion', 'fiber', 'fibre', 'yarn', 'STEP-Biotech']","['HORIZON-JU-CBE-2025-IA-02', 'HORIZON-JU-CBE-2025', 'Bio-based products (products that are manufactured using biological material as feedstock) bio-based materials, bio-based plastics, biofuels, bio-based and bio-derived bulk and fine chemicals, bio-based and bio-derived novel materials', 'Chemical engineering (plants, products)', 'Textile plants', 'Textiles including synthetic dyes, colours, fibres']",03 04 2025,18 09 2025,https://ec.europa.eu/info/funding-tenders/opportunities/portal/screen/opportunities/topic-details/horizon-ju-cbe-2025-ia-02
Bio-based and biodegradable delivery systems for fertilising products to reduce microplastics pollution &amp; promote soil health,,['Bio-based and biodegradable delivery systems for fertilising products to reduce microplastics pollution & promote soil health'],['Circular Bio-based Europe Joint Undertaking'],"['agriculture', 'bio-based bio-degradable polymers', 'bio-based fertilisers', 'bio-degradable delivery system', 'bio-degradable plastics', 'farmers', 'fertilisation', 'microplastics', 'soil health']","['HORIZON-JU-CBE-2025-RIA-02', 'HORIZON-JU-CBE-2025', 'Agriculture related to crop production, soil biology and cultivation, applied plant biology', 'Bio-based products (products that are manufactured using biological material as feedstock) bio-based materials, bio-based plastics, biofuels, bio-based and bio-derived bulk and fine chemicals, bio-based and bio-derived novel materials', 'Fertilisation', 'Fertiliser application equipment']",03 04 2025,18 09 2025,https://ec.europa.eu/info/funding-tenders/opportunities/portal/screen/opportunities/topic-details/horizon-ju-cbe-2025-ria-02
Cost-effective and robust continuous biotech bio-based processes,,['Cost-effective and robust continuous biotech bio-based processes'],['Circular Bio-based Europe Joint Undertaking'],"['bioreactor', 'fermentation', 'flow', 'membrane', 'micro-organism', 'microorganism', 'STEP-Biotech']","['HORIZON-JU-CBE-2025-IA-04', 'HORIZON-JU-CBE-2025', 'Applied biotechnology (non-medical), bioreactors, applied microbiology', 'Bio-based products (products that are manufactured using biological material as feedstock) bio-based materials, bio-based plastics, biofuels, bio-based and bio-derived bulk and fine chemicals, bio-based and bio-derived novel materials', 'Bioprocessing technologies (industrial processes relying on biological agents to drive the process) biocatalysis, fermentation', 'Industrial biotechnology']",03 04 2025,18 09 2025,https://ec.europa.eu/info/funding-tenders/opportunities/portal/screen/opportunities/topic-details/horizon-ju-cbe-2025-ia-04
SSbD bio-based polymers/copolymers unlocking new market applications,,['SSbD bio-based polymers/copolymers unlocking new market applications'],['Circular Bio-based Europe Joint Undertaking'],"['bio-polymer', 'biopolymer', 'cellulose', 'chitin', 'fiber', 'starch', 'sugar', 'STEP-Biotech']","['HORIZON-JU-CBE-2025-IA-05', 'HORIZON-JU-CBE-2025', 'Applied and industrial chemistry', 'Bio-based products (products that are manufactured using biological material as feedstock) bio-based materials, bio-based plastics, biofuels, bio-based and bio-derived bulk and fine chemicals, bio-based and bio-derived novel materials', 'Materials engineering (biomaterials, metals, ceramics, polymers, composites, etc.)', 'Polymer chemistry', 'Polymers and plastics']",03 04 2025,18 09 2025,https://ec.europa.eu/info/funding-tenders/opportunities/portal/screen/opportunities/topic-details/horizon-ju-cbe-2025-ia-05
Further Technological development of Maglev-derived Systems,,['Further Technological development of Maglev-derived Systems'],['EU-RAIL JU Call Proposals 2025-01'],"['Configuration design development', 'Linear motor', 'Maglev', 'Maglev-derived system', 'Magnetic levitation', 'Rail-guided system', 'Testing and validation']","['HORIZON-ER-JU-2025-FA7-01', 'HORIZON-JU-ER-2025-01', 'Disruptive innovation', 'Power supply', 'Railway', 'Sustainable transport']",26 02 2025,07 05 2025,https://ec.europa.eu/info/funding-tenders/opportunities/portal/screen/opportunities/topic-details/horizon-er-ju-2025-fa7-01
International Collaboration on AI Factories and HPC-AI,,['International Collaboration on AI Factories and HPC-AI'],['EuroHPC International Cooperation'],"['AI', 'AI Factories', 'Collaboration', 'HPC', 'HPC-AI', 'TPC', 'Trillion Parameter Consortium']","['HORIZON-JU-EUROHPC-2025-INCO-01', 'HORIZON-JU-EUROHPC-2025-INCO-01', 'Artificial Intelligence & Decision support', 'Artificial intelligence', 'High performance computing', 'International']",04 03 2025,04 06 2025,https://ec.europa.eu/info/funding-tenders/opportunities/portal/screen/opportunities/topic-details/horizon-ju-eurohpc-2025-inco-01
Innovation Schemes Second Call for Proposals (oc1-2025-TIS-01),['ENFIELD: European Lighthouse to Manifest Trustworthy and Green AI'],['European Network of AI Excellence Centres: Expanding the European AI lighthouse (RIA)'],['Innovation Schemes Second Call for Proposals (oc1-2025-TIS-01)'],,['Innovation'],17 04 2025,17 06 2025,https://ec.europa.eu/info/funding-tenders/opportunities/portal/screen/opportunities/competitive-calls-cs/10521
Mediterranean Sea Lighthouse Call,['TIDAL ArtS: TransformIng anD inspiring Aquatic Landscapes through Art and Sciences'],['Ocean & water and arts: the contribution of creative sectors to Mission Ocean and waters'],['Mediterranean Sea Lighthouse Call'],,[],14 04 2025,15 06 2025,https://ec.europa.eu/info/funding-tenders/opportunities/portal/screen/opportunities/competitive-calls-cs/10626
Baltic - North Sea Lighthouse Call,['TIDAL ArtS: TransformIng anD inspiring Aquatic Landscapes through Art and Sciences'],['Ocean & water and arts: the contribution of creative sectors to Mission Ocean and waters'],['Baltic - North Sea Lighthouse Call'],,[],14 04 2025,15 06 2025,https://ec.europa.eu/info/funding-tenders/opportunities/portal/screen/opportunities/competitive-calls-cs/10625
Sailing towards ocean and water literacy with school communities,['SHORE: EmpOweR Students as the agents of cHangE'],['Student and school activities for the promotion of education on ‘blue’ sustainability and the protection of marine and freshwater ecosystems'],['Sailing towards ocean and water literacy with school communities'],,[],22 04 2025,30 06 2025,https://ec.europa.eu/info/funding-tenders/opportunities/portal/screen/opportunities/competitive-calls-cs/10682
EIC Transition Open,,['EIC Transition Open'],['EIC Transition 2025'],[],"['HORIZON-EIC-2025-TRANSITIONOPEN', 'HORIZON-EIC-2025-TRANSITIONOPEN', 'deep tech', 'patient capital', 'research', 'innovation', 'technology', 'EIC', 'Technology', 'business', 'market', 'commercial']",22 04 2025,17 09 2025,https://ec.europa.eu/info/funding-tenders/opportunities/portal/screen/opportunities/topic-details/horizon-eic-2025-transitionopen
2nd SMURF open call for small forest owners’ organisations.,['Sustainable Management models and valUe chains foR small Forests'],['Optimising the sustainable production of wood and non-wood products in small forest properties and development of new forest-based value chains'],['2nd SMURF open call for small forest owners’ organisations.'],,[],09 04 2025,02 07 2025,https://ec.europa.eu/info/funding-tenders/opportunities/portal/screen/opportunities/competitive-calls-cs/10221
PEDvolution Open Call for Demonstrators: Positive Energy Districts (PEDs),['Interoperable solutions to streamline PED evolution and cross-sectoral integration'],"['Interoperable solutions for positive energy districts (PEDs), including a better integration of local renewables and local excess heat sources']",['PEDvolution Open Call for Demonstrators: Positive Energy Districts (PEDs)'],,[],01 05 2025,01 07 2025,https://ec.europa.eu/info/funding-tenders/opportunities/portal/screen/opportunities/competitive-calls-cs/10741
Q2Scale Programme 2025 – for MVP+ startups in Automotive &amp; Fintech,['Cross-KIC Global Outreach'],['EIT Cross-KIC Strategic Outreach'],['Q2Scale Programme 2025 – for MVP+ startups in Automotive & Fintech'],,[],01 05 2025,06 07 2025,https://ec.europa.eu/info/funding-tenders/opportunities/portal/screen/opportunities/competitive-calls-cs/10841
NGI Fediversity open call (2025-08F),['Fediversity'],['Pilots for the Next Generation Internet (IA)'],['NGI Fediversity open call (2025-08F)'],,[],01 06 2025,01 08 2025,https://ec.europa.eu/info/funding-tenders/opportunities/portal/screen/opportunities/competitive-calls-cs/10464
NGI Zero Commons Fund (2025-08Z),"['Create, mature and grow internet commons']",['Next Generation Internet Fund (RIA)'],['NGI Zero Commons Fund (2025-08Z)'],,[],01 06 2025,01 08 2025,https://ec.europa.eu/info/funding-tenders/opportunities/portal/screen/opportunities/competitive-calls-cs/10462
European Researchers' Night and Researchers at Schools 2026-2027,,"[""European Researchers' Night and Researchers at Schools 2026-2027""]",['MSCA and Citizens 2025'],[],"['HORIZON-MSCA-2025-CITIZENS-01-01', 'HORIZON-MSCA-2025-CITIZENS-01', 'sustainable', 'eco', 'ecosystem', 'urban', 'society', 'climate change', 'EU Missions', 'Research', 'academia']",17 06 2025,22 10 2025,https://ec.europa.eu/info/funding-tenders/opportunities/portal/screen/opportunities/topic-details/horizon-msca-2025-citizens-01-01
"Waste-to-value devices - circular production of renewable fuels, chemicals and materials",,"['Waste-to-value devices - circular production of renewable fuels, chemicals and materials']",['EIC Pathfinder Challenges 2025'],"['CHALLENGES', 'Circular economy', 'PATHFINDER', 'PATHFINDER CHALLENGES', 'PATHFINDERCHALLENGES', 'bioremediation', 'bottom-up synthetic biology', 'carbon capture and utilization', 'climate change mitigation', 'computational material science', 'critical raw materials', 'desalination brines', 'electricity', 'electrochemistry', 'fossil-free chemicals', 'hydrogen', 'microplastics', 'photocatalysis', 'plastic waste recycling', 'renewable energy', 'renewable fuels', 'renewable fuels of non-biologic origin', 'solar', 'solar reforming', 'sustainable aviation fuels', 'synthetic biology', 'synthetic polymers', 'waste valorization', 'waste water', 'waste-to-value devices']","['HORIZON-EIC-2025-PATHFINDERCHALLENGES-01-04', 'HORIZON-EIC-2025-PATHFINDERCHALLENGES-01']",24 07 2025,29 10 2025,https://ec.europa.eu/info/funding-tenders/opportunities/portal/screen/opportunities/topic-details/horizon-eic-2025-pathfinderchallenges-01-04
Towards autonomous robot collectives delivering collaborative tasks in dynamic unstructured construction environments,,['Towards autonomous robot collectives delivering collaborative tasks in dynamic unstructured construction environments'],['EIC Pathfinder Challenges 2025'],"['AI', 'Automation', 'Autonomy', 'Building', 'Building blocks', 'CHALLENGES', 'Collaborative', 'Field robotics', 'Housing', 'Infrastructure', 'Modular', 'NRMM', 'Non road mobile machinery', 'Off highway equipment', 'PATHFINDER', 'PATHFINDER CHALLENGES', 'PATHFINDERCHALLENGES', 'Productivity', 'autonomous', 'collectives', 'construction', 'robotics', 'service robotics', 'swarm']","['HORIZON-EIC-2025-PATHFINDERCHALLENGES-01-03', 'HORIZON-EIC-2025-PATHFINDERCHALLENGES-01']",24 07 2025,29 10 2025,https://ec.europa.eu/info/funding-tenders/opportunities/portal/screen/opportunities/topic-details/horizon-eic-2025-pathfinderchallenges-01-03
Generative-AI based Agents to Revolutionize Medical Diagnosis and Treatment of Cancer,,['Generative-AI based Agents to Revolutionize Medical Diagnosis and Treatment of Cancer'],['EIC Pathfinder Challenges 2025'],"['CHALLENGES', 'PATHFINDER', 'PATHFINDER CHALLENGES', 'PATHFINDERCHALLENGES', 'cancer', 'generative-AI', 'medical data']","['HORIZON-EIC-2025-PATHFINDERCHALLENGES-01-02', 'HORIZON-EIC-2025-PATHFINDERCHALLENGES-01']",24 07 2025,29 10 2025,https://ec.europa.eu/info/funding-tenders/opportunities/portal/screen/opportunities/topic-details/horizon-eic-2025-pathfinderchallenges-01-02
Biotech for Climate Resilient Crops and Plant-Based Biomanufacturing,,['Biotech for Climate Resilient Crops and Plant-Based Biomanufacturing'],['EIC Pathfinder Challenges 2025'],"['PATHFINDER', 'PATHFINDER CHALLENGES', 'PATHFINDERCHALLENGES', 'biomanufacturing', 'plant-based']","['HORIZON-EIC-2025-PATHFINDERCHALLENGES-01-01', 'HORIZON-EIC-2025-PATHFINDERCHALLENGES-01']",24 07 2025,29 10 2025,https://ec.europa.eu/info/funding-tenders/opportunities/portal/screen/opportunities/topic-details/horizon-eic-2025-pathfinderchallenges-01-01
ERA Fellowships,,['ERA Fellowships'],['ERA Fellowships'],[],"['HORIZON-WIDERA-2025-TALENTS-01-01', 'HORIZON-WIDERA-2025-TALENTS-01', 'R&I', 'innovation', 'technology', 'Widening Countries']",09 04 2025,10 09 2025,https://ec.europa.eu/info/funding-tenders/opportunities/portal/screen/opportunities/topic-details/horizon-widera-2025-talents-01-01
NGI TALER open call (2025-08T),['Taxable Anonymous Libre Electronic Reserves'],['Pilots for the Next Generation Internet (IA)'],['NGI TALER open call (2025-08T)'],,[],01 06 2025,01 08 2025,https://ec.europa.eu/info/funding-tenders/opportunities/portal/screen/opportunities/competitive-calls-cs/10468
MSCA Postdoctoral Fellowships 2025,,['MSCA Postdoctoral Fellowships 2025'],['MSCA Postdoctoral Fellowships 2025'],[],"['HORIZON-MSCA-2025-PF-01-01', 'HORIZON-MSCA-2025-PF', 'PhD', 'Doctoral', 'post-doc', 'postdoctoral', 'R&I', 'interdisciplinary', 'mobility', 'innovation']",09 04 2025,10 09 2025,https://ec.europa.eu/info/funding-tenders/opportunities/portal/screen/opportunities/topic-details/horizon-msca-2025-pf-01-01
Smart Security / Security Services,,['Smart Security / Security Services'],['HORIZON-JU-SNS-2025-01'],"['6g', 'smart networks and services', 'sns']","['HORIZON-JU-SNS-2025-01-STREAM-B-04-01', 'HORIZON-JU-SNS-2025-01', 'Communication engineering and systems telecommunications']",22 05 2025,18 09 2025,https://ec.europa.eu/info/funding-tenders/opportunities/portal/screen/opportunities/topic-details/horizon-ju-sns-2025-01-stream-b-04-01
Advanced IoT and Device Technologies,,['Advanced IoT and Device Technologies'],['HORIZON-JU-SNS-2025-01'],"['6g', 'smart networks and services', 'sns']","['HORIZON-JU-SNS-2025-01-STREAM-B-01-02', 'HORIZON-JU-SNS-2025-01', 'Communication engineering and systems telecommunications']",22 05 2025,18 09 2025,https://ec.europa.eu/info/funding-tenders/opportunities/portal/screen/opportunities/topic-details/horizon-ju-sns-2025-01-stream-b-01-02
6G NTN-TN Unification/Integration,,['6G NTN-TN Unification/Integration'],['HORIZON-JU-SNS-2025-01'],"['6g', 'smart networks and services', 'sns']","['HORIZON-JU-SNS-2025-01-STREAM-B-03-01', 'HORIZON-JU-SNS-2025-01', 'Communication engineering and systems telecommunications']",22 05 2025,18 09 2025,https://ec.europa.eu/info/funding-tenders/opportunities/portal/screen/opportunities/topic-details/horizon-ju-sns-2025-01-stream-b-03-01
Microelectronic – Front-End Module (FEM),,['Microelectronic – Front-End Module (FEM)'],['HORIZON-JU-SNS-2025-01'],"['6g', 'smart networks and services', 'sns']","['HORIZON-JU-SNS-2025-01-STREAM-B-05', 'HORIZON-JU-SNS-2025-01', 'Communication engineering and systems telecommunications']",22 05 2025,18 09 2025,https://ec.europa.eu/info/funding-tenders/opportunities/portal/screen/opportunities/topic-details/horizon-ju-sns-2025-01-stream-b-05
6G Telco Cloud and Service Provision Enablers,,['6G Telco Cloud and Service Provision Enablers'],['HORIZON-JU-SNS-2025-01'],"['6g', 'smart networks and services', 'sns']","['HORIZON-JU-SNS-2025-01-STREAM-C-01', 'HORIZON-JU-SNS-2025-01', 'Communication engineering and systems telecommunications']",22 05 2025,18 09 2025,https://ec.europa.eu/info/funding-tenders/opportunities/portal/screen/opportunities/topic-details/horizon-ju-sns-2025-01-stream-c-01
Advanced Architectures Systems and Technologies,,['Advanced Architectures Systems and Technologies'],['HORIZON-JU-SNS-2025-01'],"['6g', 'smart networks and services', 'sns']","['HORIZON-JU-SNS-2025-01-STREAM-B-01-01', 'HORIZON-JU-SNS-2025-01', 'Communication engineering and systems telecommunications']",22 05 2025,18 09 2025,https://ec.europa.eu/info/funding-tenders/opportunities/portal/screen/opportunities/topic-details/horizon-ju-sns-2025-01-stream-b-01-01
Higher Speed Optical Access Networks and future end-to-end Packet Optical Network Architecture in 6G,,['Higher Speed Optical Access Networks and future end-to-end Packet Optical Network Architecture in 6G'],['HORIZON-JU-SNS-2025-01'],"['6g', 'smart networks and services', 'sns']","['HORIZON-JU-SNS-2025-01-STREAM-B-03-02', 'HORIZON-JU-SNS-2025-01', 'Communication engineering and systems telecommunications']",22 05 2025,18 09 2025,https://ec.europa.eu/info/funding-tenders/opportunities/portal/screen/opportunities/topic-details/horizon-ju-sns-2025-01-stream-b-03-02
Wireless Communication Technologies and Signal Processing – Standardisation and Follow-up/PoCs,,['Wireless Communication Technologies and Signal Processing – Standardisation and Follow-up/PoCs'],['HORIZON-JU-SNS-2025-01'],"['6g', 'smart netwroks and services', 'sns']","['HORIZON-JU-SNS-2025-01-STREAM-B-02', 'HORIZON-JU-SNS-2025-01', 'Communication engineering and systems telecommunications']",22 05 2025,18 09 2025,https://ec.europa.eu/info/funding-tenders/opportunities/portal/screen/opportunities/topic-details/horizon-ju-sns-2025-01-stream-b-02
Reliable Services Operation,,['Reliable Services Operation'],['HORIZON-JU-SNS-2025-01'],"['6g', 'smart networks and services', 'sns']","['HORIZON-JU-SNS-2025-01-STREAM-B-04-02', 'HORIZON-JU-SNS-2025-01', 'Communication engineering and systems telecommunications']",22 05 2025,18 09 2025,https://ec.europa.eu/info/funding-tenders/opportunities/portal/screen/opportunities/topic-details/horizon-ju-sns-2025-01-stream-b-04-02
