Full Name,Faculty,Research Interests
Avni Zafer Acar,School of Applied Sciences,"['strategic management', 'business capabilities', 'organizational culture', 'leadership', 'competitive strategies', 'logistics strategies', 'supply chain management', 'logistics management']"
Serhan Ada,Faculty of Communication,"['cultural industries creative economy', 'art criticism philosophy art', 'cultural policy', 'cultural diplomacy']"
İbrahim Başar Aka,Faculty of Engineering and Natural Sciences,"['biomechanics', 'centrifugal blood pump', 'biomedical instrumentation', 'pediatric ventricular assist device', 'biomedical sciences technologies']"
Asaf Savaş Akat,Faculty of Business,"['macroeconomics', 'monetary policy', 'growth', 'inflation']"
Koray Akay,School of Advanced Vocational Studies,"['macroeconomics', 'economic history', 'development']"
Galma Akdeniz,Faculty of Law,"['restorative justice', 'justice theory', 'law society', 'criminology', 'penal policy', 'criminal justice', 'victimization harm', 'victimology', 'crime justice statistics', 'prisons', 'homicide femicide']"
Yaman Akdeniz,Faculty of Law,"['human rights', 'information technology law', 'public law']"
Ahmet Tamer Aker,Vocational School of Health Services,"['schizophrenia', 'mental health', 'immigration']"
Alpay Akgüç,Faculty of Architecture,"['green building certification systems', 'water efficiency', 'energy sustainability', 'passive system design', 'renewable energy', 'nzeb', '2030 sustainable development goals', 'hvac systems', 'waste heat energy', 'performance simulation', 'building energy performance']"
L. Hilal Akgül,Faculty of Social Sciences and Humanities,"['political life institutions türkiye', 'history turkish economy', 'history republic türkiye', ' history political parties türkiye']"
Fulya Akipek,Faculty of Architecture,"['ecological design', 'design with natural materials architecture', 'sustainable cities', 'soil architecture', 'biomaterials', 'performance based design', 'digital design production']"
Başak Akkan,Faculty of Social Sciences and Humanities,"['child wellbeing', 'disabled care)', 'elderly care', 'intersectional inequalities', 'welfare regimes', 'care policies (childcare', 'social policy', 'gender policies']"
Gülsen Betül Aktaş,Faculty of Engineering and Natural Sciences,"['optimization', 'biosensor development', 'dna binding proteins their tags', 'protein engineering']"
Büşra Aktürk,Faculty of Engineering and Natural Sciences,"['alkaliactivated binder systems', 'microstructure', 'durability', 'fiberreinforced cement based materials', 'rheological properties', 'sustainable construction materials', 'concrete technology']"
Kezban Ayça Alangoya,Faculty of Architecture,"['modern city', 'creative analyzing', 'architectural design education', '20th century urban design history', 'urban morphology', 'collective spaces', 'modern architecture']"
Neşenur Altıniğne Ekici,Faculty of Business,"['online retail', 'consumer ethics', 'experimental design', 'corporate social responsibility', 'consumer behavior']"
Emrah Altınok,Faculty of Architecture,"[' methodology', 'design studies', 'planning structures', 'theory', 'criticism', 'architectural', 'urban geography']"
Elif Defne Altıntaş,Vocational School of Health Services,"['endodontics', 'pulp', 'cytotoxicity', 'biocompatibility', 'regeneration']"
Emre Altürk,Faculty of Architecture,"['architectural theory', 'architectural design', 'modern urban history', 'urbanizationarchitecture relationship', 'visual studies', 'architectural representation']"
Esra Arıkan,Faculty of Business,"['consumerbrand relationships', 'corporate social responsibility', 'service innovation', 'service cocreation', 'service robots']"
İrem Arıkan Ekşi,School of Applied Sciences,"['textile art', 'fiber art', 'textile history', 'weaving history', 'sustainable fashion practices']"
Pınar Artıran,Faculty of Law,"['international investment law', 'climate change', 'environmental law', 'alternative dispute resolution', 'world trade organization', 'competition law', 'international arbitration', 'international trade law', 'eu law', 'green consensus']"
Nafia Gül Asatekin,Faculty of Architecture,"['architectural design', 'new buildings historical environments', 'aesthetics place', 'interior design', 'theory restoration', 'traditional dwellings anatolia']"
Yonca Aslanbay,Faculty of Communication,"['entrepreneurship', 'consumer behavior', 'sustainable consumption']"
Serap Atakan,Faculty of Business,"['business ethics', 'retailing', 'sustainability', 'social responsibility']"
Oya Aydın,School of Tourism and Hospitality,"['research performance', 'internationalization', 'higher education']"
Aslı Elif Aydın Altınoklar,School of Applied Sciences,"['behaviors financial consumers', 'consumer decision making systems', 'food waste attitudes behaviors consumers', 'physical activity motivation']"
Pınar Aygün,General Education Department,['turkish language']
Evren Aysev,Faculty of Architecture,"['architectural design', 'deep ecology', 'neoliberal urbanization processes', 'urban design', 'anthropocene']"
Fulya Aytaç Türkan,Vocational School of Health Services,"['tumor development', 'biochemistry', 'tumor biomarkers', 'biopolymer', 'enzymology', 'cancer biochemistry', 'food chemistry', 'lactose intolerance']"
Asuman Aytekin İnceoğlu,Faculty of Law,"['violence against women', 'migrant smuggling', 'victimoffender mediation', ""victims' rights"", 'criminal law', 'hate crimes', 'criminal procedure law', 'fundamental rights freedoms', 'banking crimes']"
Gülhan Balsoy,Faculty of Social Sciences and Humanities,"['medical history', 'gender', 'ottoman history', 'ottoman society']"
Abdurrahman Eray Baran,Faculty of Engineering and Natural Sciences,"['medical robotic systems', 'advanced motion control', 'teleoperation', 'control systems', 'prediction techniques', 'micromanipulation microrobotics']"
Bilge Baş,Faculty of Engineering and Natural Sciences,"['multipurpose / hybrid offshore platforms', 'life cycle assessment (lca)', 'coastal structures', 'environmental sustainability', 'physical modeling', 'marine discharges', 'environmental impacts marine renewable energy systems']"
Nilgün Başalp Yıldırım,Faculty of Law,"['comparative law', 'law persons', 'low property law', 'contract law', 'eu data protection law', 'privacy', 'data protection', 'civil law', 'law obligations', 'civil liability']"
Okan Zafer Batur,Faculty of Engineering and Natural Sciences,"['ultra wideband', 'high frequency technique', 'integrated circuits systems', 'sensor reader circuits', 'communication electronics']"
Fatma Bayata,Faculty of Engineering and Natural Sciences,"['mechanical failures', 'automotive aerospace materials', 'solid mechanics', 'fatigue engine parts', 'defense technologies', 'machine design', 'wear', 'internal combustion engines', 'computer aided machine design', 'lightweight vehicle design', 'computational mechanics']"
Sema Bayraktar Tür,School of Applied Sciences,"['banking', 'small medium enterprises', 'time series analysis', 'green finance', 'qualitative finance', 'international finance', 'financial crises', 'risk management', 'quantitative', 'sustainable finance']"
Merve Baysoy,Faculty of Business,"['applied macro', 'spatial econometrics', 'growth theory', 'international trade', 'economics', 'econometrics', 'macroeconomics']"
Fuat Beyazıt,School of Applied Sciences,"['option pricing', 'mathematical finance', 'interest rate models', 'risk management']"
Esra Ercan Bilgiç,Faculty of Communication,"['media social change', 'press history', 'media literacy', 'digital media children', 'new media studies']"
Mesrure Melis Bilgin,Faculty of Communication,"['theater', 'animation cinema', 'mythology', 'performance studies', 'cinema', 'performing arts', 'visual arts']"
İnci Bilgin Tekin,Faculty of Social Sciences and Humanities,"['rewriting', 'literature environment', 'theater', 'contemporary theories', 'mythology', 'adaptation']"
Bülent Bilmez,Faculty of Social Sciences and Humanities,"['modern german history', 'dersim history', 'collective memory dating confrontation / reckoning', 'history ottoman railways', 'collective identities', 'ottoman constitutional history modern balkans abilities albanians (luke) history', 'cultural plurality language rights', 'modern ottoman republic türkiye socioeconomic', 'political intellectual history']"
Hale Bolak,Faculty of Social Sciences and Humanities,"['social psychology', 'gender construction', 'health psychology', 'discrimination violence', 'gender', 'cultural context']"
Nurcan Boşdurmaz,General Education Department,"['early ottoman archeology', 'urban history', 'islamic period tomb building inscriptions']"
Büke Boşnak,Faculty of Social Sciences and Humanities,"['social movements', 'civil society', 'political sociology', 'turkish political life', 'european studies', 'gender']"
Cemil Boyraz,Faculty of Social Sciences and Humanities,"['political science', 'political economy', 'political life institutions']"
Tuğçe Bozkurt,Vocational School of Health Services,"['nursing', 'postoperative pain management', 'surgical nursing', 'cardiovascular nursing']"
Pelinsu Bulut Özer,Faculty of Social Sciences and Humanities,"['motherhood attachment', 'psychotherapy processoutcome', 'emotion regulation', 'child psychopathology']"
Evrim Büyükaslan Oosterom,School of Applied Sciences,"['3d garment simulation', 'fashion supply chain', 'fit', 'virtual reality', 'comfort', 'fashion buying', 'artificial intelligence', 'fashion retail']"
Cansu Canbolat,School of Advanced Vocational Studies,"['deep neural network', 'image processing', 'deep learning']"
Efkan Canşen,School of Applied Sciences,"['unification german principalities under prussian leadership emergence germany on historical stage', 'congress vienna napoleonic wars worker movements', '20th century thoughts revolutions antisemitism racism', 'late 19th century early 20th century political artistic economic sportive developments central europe', ' collapse empires building nation states', ' biedermeier age between 18151848 revolutionary aftermath']"
Can Cemgil,Faculty of Social Sciences and Humanities,"['international relations', 'foreign policy analysis dialectic', 'geopolitics']"
Gökhan Cintamür,School of Advanced Vocational Studies,"['corporate marketing', 'consumer behavior', 'brand management', 'service marketing']"
Özge Coşkun Sağlam,Vocational School of Health Services,"['anatomy', 'neuroanatomy', 'physiotherapy rehabilitation']"
Gergely Czukor,Faculty of Social Sciences and Humanities,"['labor psychology', 'social psychology organizational behavior']"
Furkan Çakır,Vocational School of Health Services,"['reliability validity', 'physiotherapy rehabilitation', 'ehealth', 'exercise', 'physiotherapy rehabilitation education informatics', 'telerehabilitation', 'quality life']"
Başak Çakmak,Faculty of Business,"['generative ai', 'game development', 'ui ux design', 'media studies', 'medical technologies', 'architectural design computing', 'crossdomain tool development', 'xr technologies']"
Aycan Çakmak Reyhan,Faculty of Health Sciences,"['pregnancy', 'prenatalpostnatal period', 'holistic rehabilitation chronic diseases', 'healthy lifestyle exercises', 'incontinence', 'psychosocial rehabilitation', ""women's health"", 'rehabilitation', 'orthopedic rehabilitation', 'telerehabilitation', 'physiotherapy', 'infertility']"
Deniz Çalış Kural,Faculty of Architecture,"['ottoman islamic architecture history urbanism art', 'ottoman islamic landscape culture history', 'contemporary landscape design theory urbanism urban culture', 'architectural design']"
Reşat Fuat Çam,Faculty of Business,"['philosophy art', 'media archaeology', 'filmphilosophy', 'virtual reality', 'artificial intelligence']"
Alişan Çapan,Faculty of Law,"['human rights', 'freedoms', 'fundamental rights', 'philosophy law', 'history law']"
Eda Çataklar,Faculty of Law,['intellectual property law']
Gökçe Çataloluk,Faculty of Law,"['ethics law', 'legal philosophy', 'systems theory', 'law education', 'law literature', 'social theory law', 'legal methodology']"
Alev Çavdar,Faculty of Social Sciences and Humanities,"['relational psychoanalytic interpretations dreams symbols', 'defense mechanisms', 'relationship between affect therapeutic relationship psychotherapy outcome', 'adult psychotherapy process']"
Kenan Çayır,Faculty of Social Sciences and Humanities,"['society', 'identity', 'citizenship', 'school books']"
Elif Zahide Çelebi,Vocational School of Health Services,"['reproductive health', 'urogynecology', 'sexual health', ""women's health"", 'perinatal care', 'infertility']"
Kerem Çelikboya,Faculty of Law,"['partnership rights', 'dividend distribution limitations', 'transfer commercial enterprises', 'corporate law', 'commercial enterprise law']"
Volkan Çetin,Faculty of Communication,"['photography', 'animation', 'video', 'new media technologies', '2d - 3d computer graphics']"
Sesil Çınar,Faculty of Engineering and Natural Sciences,['photopolymerization']
Ayça Çiftçi,Faculty of Communication,"['kurdish cinema', 'short film', 'feminist film studies', 'film politics', 'documentary cinema', 'video essay', 'gender issues film industries']"
Murat Dağlı,Faculty of Social Sciences and Humanities,"['historiography', 'comparative historical sociology', 'early modern ottoman history', 'social economic history']"
Aylin Dağsalgüler,Faculty of Communication,"['media economy politics', 'screen studies', 'television culture', 'audience research']"
Ali Deniz Dalgıç,Faculty of Engineering and Natural Sciences,"['biomaterials', 'tissue engineering', 'controlled drug delivery systems', 'regenerative medicine']"
Tuğba Dalyan,Faculty of Engineering and Natural Sciences,"['language models', 'text/image processing', 'natural language processing', 'data science', 'machine learning', 'deep learning']"
Selami Demirkol,General Education Department,"['civil servants legislation', 'tax law', 'consumer law', 'environmental law', 'tax procedure law', 'administrative procedure law', 'health law', 'human rights law', 'zoning laws', 'administration law']"
Ahmet Denker,Faculty of Engineering and Natural Sciences,"['intelligent reality', 'artificial intelligence', 'interactive 3d reconstruction']"
Bihter Dereli,General Education Department,"['foreign language teaching', 'teaching turkish a foreign language', 'turkish language education', 'education']"
Elif Elçin Dereli,Faculty of Health Sciences,"['validity', 'motor learning', 'reliability', ""parkinson's disease"", 'sustainability physiotherapy', 'environmental rehabilitation', 'posture disorders', 'rehabilitation technology', 'virtual reality based rehabilitation', 'physiotherapy', 'quality life', 'neural plasticity', 'joint protection principles', 'stroke', 'task oriented rehabilitation', 'spinal deformities', 'therapeutic exercise', 'rheumatological rehabilitation', 'delphi methodology', 'rehabilitation']"
Derin Derman,School of Advanced Vocational Studies,"['photography', 'animation', 'video', 'digital ethnography', 'visual analysis', '3d computer graphics', 'visual communication design']"
Fatma Didin,Faculty of Business,"['macroeconomics', 'economic growth development']"
Hasret Dikici Bilgin,Faculty of Social Sciences and Humanities,"['labor movement', 'political islam', 'electoral systems', 'coalition politics', 'radicalization', 'political elite', 'comparative politics', 'middle eastern elections political parties']"
Kenan Dinç,Faculty of Engineering and Natural Sciences,"['sustainability', 'management information system', 'decision support systems', 'supply chain management', 'logistics management']"
Kübra Doğan Yenisey,Faculty of Law,"['migrant workers', 'collective bargaining models', 'labor law', 'volunteering', 'new ways working', 'platform employees', 'teleworking', ' future work', 'social security law']"
Tomris Duymaz,Faculty of Health Sciences,"['pediatrics', 'lymphedema', 'manuel therapy', 'orthopedics', 'rehabilitation', 'physiotherapy']"
Zehra Düzgit,Faculty of Engineering and Natural Sciences,"['production planning', 'metaheuristic algorithms', 'operations research', 'logistics (warehouse management)', 'scheduling']"
Elif Hicret Ek Bektaş,School of Advanced Vocational Studies,"['modernism', 'meaning', 'airports', 'educational buildings', 'form', 'interior design', 'space']"
Yeliz Ekinci,Faculty of Engineering and Natural Sciences,"['data mining', 'operations research', 'business intelligence', 'decision analysis']"
Esengül Elibol,Faculty of Health Sciences,"['mindfulness', 'nursing image', 'critical thinking', 'organizational behavior', 'medical errors clinical risks management', 'nursing management', 'nursing education']"
Özlem Er,Faculty of Architecture,"['functional upgrade', 'global value chains', 'design management', 'design ability']"
Kuter Erdil,Faculty of Engineering and Natural Sciences,"['biomedical mems biosensors', 'flexible disposable devices', 'microtechnology', 'biomedical imaging optics']"
Emre Erdoğan,Faculty of Social Sciences and Humanities,"['turkish political life', 'political life institutions political sociology']"
Seda Ergüneş Emrağ,Faculty of Law,"['collective labor law', 'labor law', 'platform employees', 'social security law', 'teleworking']"
Itır Erhart,Faculty of Communication,"['human rights', 'social movements', 'sustainability', 'diversity inclusion', 'gender']"
Evrim Erişir,Faculty of Law,"['arbitration', 'concordat', 'restructuring companies', 'civil procedure', 'civil procedure law', 'enforcement bankruptcy law', 'mediation']"
Kemal Ilgar Eroğlu,Faculty of Engineering and Natural Sciences,"['iterated function systems', 'geometric measure theory', 'measure theory']"
Ivo Ozan Furman,Faculty of Communication,"['communication', 'twitter', 'contextual mapping', 'political economy data digital sociology', 'sociology', 'data visualization']"
Emine Eser Gegez,Faculty of Communication,"['brand management', 'reputation social responsibility', 'advertising', 'consumer behavior', 'marketing communication', 'research methods']"
Fırat Genç,Faculty of Social Sciences and Humanities,"['social movements', 'politics space', 'social theory', 'migration studies', 'sociology culture', 'historical sociology', 'urban studies']"
Ayça Ebru Giritligil,School of Advanced Vocational Studies,"['economic behavior', 'experimental economics', 'critical thinking']"
Yiğit Dağhan Gökdel,Faculty of Engineering and Natural Sciences,"['biomedical mems', 'biomedical electronics', 'magnetic mems', 'optical mems', 'mems microtechnology', 'electronic circuit design']"
Gülay Uğur Göksel,Faculty of Social Sciences and Humanities,"['political movements history political thought', 'comparative political movements', 'political sociology']"
Simge Göksoy,Faculty of Architecture,"['history design', 'design sustainability', 'design education', 'design thinking']"
Cemile Demir Gökyayla,Faculty of Law,"['foreign investment law', 'international commercial arbitration', 'distribution agreements', 'international construction law', 'international private law', 'international family law', 'international commercial law']"
Barika Göncü,Faculty of Communication,"['reputation management', 'corporate communication', 'crisis management', 'activist public relations', 'critical public relations', 'communication consultancy', 'crisis communication', 'public relations']"
Yunus Emre Gönen,General Education Department,"['türkiyeeu relations', 'decolonization', 'french political history', 'european arts history', 'revolutionary changes world', 'european integration', 'colonialism', 'european political history']"
Şahika Görgülü,Faculty of Communication,"['corporate communication', 'leadership', 'digital media', 'social inclusion', 'strategic communication']"
İdil Işıl Gül,Faculty of Law,"['sustainable development goals', 'rights persons with disabilities', 'human rights older persons', 'humanitarian law']"
İnci Çağla Gül Şenkardeş,School of Advanced Vocational Studies,"['blockchain technology', 'gender', 'technology society', 'new communication technologies']"
Enis Gümüş,Faculty of Social Sciences and Humanities,"['composition', 'performance', 'turkish music', 'improvisation', 'sound design', 'music theory']"
Erdem Günay,Faculty of Engineering and Natural Sciences,"['simulation optimization energy systems', 'energy electricity consumption estimation with data mining machine learning techniques', 'modeling', 'renewable energy types including solar wind bioenergy systems']"
Gonca Günay,Faculty of Business,"['women entrepreneurs', 'leadership', 'women executive positions', 'stereotype threat', 'justice organizations', 'business models social enterprises']"
Gürkan Günay,Faculty of Engineering and Natural Sciences,"['freight transportation', 'airport access', 'transportation planning', 'discrete choice models', 'mode choice', 'micromobility']"
Cihangir Gündoğdu,Faculty of Social Sciences and Humanities,"['ottoman socioeconomic history', 'ottoman society', 'ottoman thought history', 'ottoman institutions civilization']"
Gamze Gündüz,School of Advanced Vocational Studies,"['tool design', 'computation based design', 'digital craft', 'architectural geometry', 'digital design fabrication technologies', 'generative algorithms', 'robotic fabrication processes', 'material based design']"
Perihan Güner,Vocational School of Health Services,"['psychosocial challenges', 'professional quality life among healthcare professionals', 'psychosocial issues chronic illnesses']"
Doğan Güneş,Faculty of Engineering and Natural Sciences,"['computer aided engineering', 'computational fluid mechanics', 'thermofluids']"
Kutay Güneştepe,Faculty of Business,"['case method', 'innovation ecosystem', 'humantechnology interaction', 'entrepreneurship', 'sociomateriality', 'organizational routines', 'practice theory', 'institutional theory', 'power dynamics organizations', 'ethnography', 'discourse analysis', 'humanspace interaction', 'social movement dynamics']"
Aslı Gürer,Faculty of Social Sciences and Humanities,"['gesture', 'syntaxmorphology interface', 'syntaxphonology interface', 'prosody', 'language documentation']"
Dilek Gürsoy,Faculty of Business,"['visual design applications', 'design thinking', 'transmedia journalism', 'transmedia storytelling', 'visual design theories']"
İlknur Hacısoftaoğlu,School of Sport Sciences and Technology,"['olympic games', 'physical activity', ""women's sports"", 'body sports sociology', 'migration', 'migrant athletes', 'women', 'fandom', 'gender']"
Tuğrul Cabir Hakyemez,Faculty of Business,"['system dynamics', 'urban analytics', 'spatiotemporal data analysis', 'spatiotemporal crime prediction', 'graph learning', 'data science', 'machine learning', 'deep learning']"
Burcu Halaçoğlu,Faculty of Communication,"['directing', 'theater', 'actor training', 'michael chekhov acting technique', 'performing arts']"
Sibel Halfon,Faculty of Social Sciences and Humanities,"['therapeutic alliance', 'emotion regulation', 'mentalization', 'attachment', 'clinical psychology', 'psychodynamic psychotherapy']"
Nazan Haydari Pakkan,Faculty of Business,"['critical media pedagogy', 'radio history', 'intercultural communication', 'feminist media', 'radio sound studies', 'participatory action research', 'gender media']"
Ayşe Evren Hoşgör Çimen,Faculty of Business,"['turkish economy political history', 'sociology work', 'organizational theory', 'political economy', 'situation theory', 'business history']"
Ster Irmak Sav,Faculty of Health Sciences,"['urine protein analyses', 'tumor development', 'tumor biomarkers', 'cell biology', 'angiogenesis', 'composites', 'vascularization', 'protein biochemistry', 'proteomics', 'tissue engineering']"
Deniz İkizlerli,Faculty of Business,"['behavioral finance', 'investor behavior', 'stock market anomalies']"
Mehmet Murat İnceoğlu,Faculty of Law,"['law obligations', 'civil law']"
Aysa Jafari Farmand,Faculty of Engineering and Natural Sciences,"['braincomputer interface', 'machine learning artificial intelligence', 'electroencephalography', 'biomedical signal processing']"
Banu Kabakulak,Faculty of Engineering and Natural Sciences,"['data routing', ' heuristics', 'wireless sensor networks', 'activity scheduling']"
Nilüfer Kafescioğlu,Faculty of Social Sciences and Humanities,"['adult attachment', 'couple family therapy', 'couple relationships', 'emotion regulation']"
Seda Kalem Berk,Faculty of law,"['sociology law', 'access justice studies', 'feminist legal theory', 'qualitative research methods', 'sociology professions', 'law society studies']"
Selcan Kaplanvural,Vocational School of Health Services,"['mathematical modeling', 'nonlinear dynamics', 'safety', 'occupational accident', 'occupational health']"
Mert Zafer Kara,Faculty of Architecture,"['architectural design theories', 'architectural filmmaking', 'spatial memory archive', 'architecture design education', 'critical spatial practices', 'architectural representation']"
Nuri Kara,Faculty of Communication,"['educational technologies', 'vote', 'digital game']"
Kutay Karabağ,Faculty of Architecture,"['architectural photogrammetry', 'adaptive reuse industrial heritage', 'history theory computational design', 'architectural restoration adaptive reuse', 'heritage tourism', 'serious games', 'new building design traditional fabric', 'conservation theories', 'traditional mediterranean architecture']"
Serdar Karabatı,Faculty of Business,"['moral values', 'meaningful work', 'life satisfaction', 'values', 'value polarization', 'employee wellbeing']"
Tanay Karademir,Faculty of Engineering and Natural Sciences,"['geotechnical laboratory field tests data acquisition systems', 'design with geosynthetics', 'polymer materials engineering behaviors civil engineering', 'poor soil characterization', 'geotechnical engineering', 'highways railways infrastructure design construction']"
Hilal Karakaş,Vocational School of Health Services,"['multiple sclerosis', 'cognitive rehabilitation', 'motor imagery', 'chronic pain', 'music therapy']"
Ulaş Karan,Faculty of Law,"['european convention human rights law', 'freedom religion belief', 'individual application constitutional court', 'freedom association', 'freedom expression', 'individual application european court human rights', 'nondiscrimination', 'constitutional law', 'freedom assembly', 'nongovernmental organizations', 'social rights', 'right education', 'freedom art', 'hate crimes', 'constitutional judiciary', 'hate speech', 'right be forgotten', 'human trafficking']"
Ayhan Kaya,Faculty of Social Sciences and Humanities,"['populism', 'political participation', 'citizenship', 'democracy', 'diasporas', 'nationalism', 'radicalism', 'migration', 'multiculturalism', 'migrant integration']"
Mehmet Bedii Kaya,Faculty of Law,"['protection personal data', 'online child abuse', 'internet governance', 'biometric data', 'trust service provider', 'electronic seal', 'electronic commerce', 'digital service tax', 'server signing', 'online content moderation', 'information technology law', 'cyber security', 'privacy enhancing technologies', 'internet things', 'open data', 'time stamp', 'forensic informatics', 'digital transformation', 'cyber intelligence', 'open banking', 'blockchain', 'algorithmic transparency explainability', 'digital company', 'artificial intelligence', 'electronic payment services', 'digital services', 'industrial data', 'data governance', 'website authentication certificates', 'trust services', 'egovernment', 'electronic signature', 'registered electronic mail', 'cybercrime', 'privacy', 'electronic communications systems', 'commercial electronic communication']"
Nilay Kaya,Faculty of Social Sciences and Humanities,"['literature visuality', '20th century german literature', 'travel writing', 'exile literature', 'modern turkish literature', 'migration', 'literary modernism', 'brontë studies', 'literature film', 'evliya çelebi studies']"
Deniz Kelekçi,Faculty of Business,"['internal entrepreneurship', 'entrepreneurship', 'social entrepreneurship', 'change innovation', 'resilience', 'strategy', 'reputation']"
Elif Kendir Beraha,Faculty of Architecture,"['cultural landscapes', 'sustainable design', 'planning', 'tectonic culture', 'humanenvironment relationships', 'craft architecture', 'urban political ecology', 'architecture phenomenology']"
Ayşegül Kesirli Unur,Faculty of Communication,"['television studies', 'genre studies', 'television series', 'transnational adaptations']"
Ferda Keskin,Faculty of Social Sciences and Humanities,"['philosophy literature', 'ethics', 'contemporary french philosophy', 'philosophy social sciences', 'political philosophy']"
Umut Keskin,Faculty of Business,"['social choice theory', 'mathematical economics', 'decision theory']"
Fatma Nihan Ketrez Sözmen,Faculty of Social Sciences and Humanities,"['turkish', 'morphology', 'language acquisition', 'psycholinguistics', 'cognitive linguistics', 'linguistics']"
Azer Kılıç,Faculty of Social Sciences and Humanities,"['artificial intelligence', 'science technology studies', 'assisted reproductive technologies', 'work', 'medical sociology', 'economic sociology', 'gender', 'automation', 'social policy']"
Aylin Kılıç Cepdibi,General Education Department,"['political history türkiye', 'political theory', 'history political thinking', 'art', 'culture', 'feminism']"
Işıl Betül Kolaşınlı Ercan,Vocational School of Health Services,"['social development', 'preschool education', 'early childhood development', 'classroom climate']"
Hanefi Kurt,Faculty of Dentistry,"['occlusal splints', 'digital complete dentures', 'prosthodontic treatment', 'temporomandibular disorders', '3d printers', 'cad/cam technologies']"
Gülen Kurt Öncel,Vocational School,"['democracy', 'news writing analysis', 'journalism', 'new media studies', 'media']"
Gökçe Kurtulan Güner,Faculty of Law,"['comparative law', 'sale law', 'law obligations', 'trust law', 'property law']"
Ozan Kuyumcuoğlu,Faculty of Social Sciences and Humanities,"['history middle east', 'foreign policy analysis', 'turkish foreign policy']"
Merve Küçükali Öztürk,School of Applied Sciences,"['technology fashion products', 'yarn', 'sustainable fashion', 'nanotechnology', 'knitting weaving technologies', 'technical textiles']"
Emel Küpçü,Faculty of Engineering and Natural Sciences,"['virtual reality (vr)', 'machine learning (ml)', 'natural language processing (nlp)', 'augmented reality (ar)', 'metaverse', 'graphics programming', 'image processing', 'artificial intelligence (ai)']"
Burcu Kütükçüoğlu,Faculty of Architecture,"['aesthetics architecture', 'theory', 'criticism', 'method architectural design', 'architecture', 'planning design']"
Haluk Levent,Faculty of Business,"['wages', 'labor markets', 'social capital', 'returns education']"
Eser Levi,Faculty of Communication,"['online marketing', 'advertising', 'consumer behavior', 'brand management']"
Sinan Logie,Faculty of Architecture,"['over urbanization', 'urban sprawl', 'right city']"
Zeynep Maçkalı,Faculty of Social Sciences and Humanities,"['group psychotherapy', 'play', 'psychosocial intervention', 'creativity', 'positive clinical psychology', 'life satisfaction', 'bipolar disorders', 'wellbeing', 'early symptoms', 'art therapy', 'autism']"
Halil Nalçaoğlu,Faculty of Communication,"['digitalization', 'deconstruction', 'communication philosophy', 'cultural theory', 'technology society']"
Ahmet Nedim Narman,General Education Department,['mathematics']
Deniz Nebioğlu Kasapoğlu,Faculty of Business,"['behavioral macroeconomics', 'experimental macroeconomics', 'dsge modelling', 'public policy preferences']"
Yağmur Nuhrat,Faculty of Social Sciences and Humanities,"['language', 'sexuality gender football', 'ethics moral anthropology (via football', 'education urban space / traffic)']"
Ceyda Nur,Faculty of Engineering and Natural Sciences,"['nonlinear analysis', 'structural dynamics', 'modal analysis', 'earthquake']"
Beyza Oba,Faculty of Business,"['corporate governance', 'gender diversity', 'crowdfunding', 'sharing economy', 'alternative organizations']"
Burak Oder,Faculty of Law,"['administrative law', 'administrative procedure law', 'public economic law']"
Gül Okutan Nilsson,Faculty of Law,"['commercial law', 'intellectual property law']"
Özge Onursal Beşgül,Faculty of Social Sciences and Humanities,"['türkiyeeu relations', 'europeanisation', 'international organizations', 'european integration', 'social constructivism']"
Türkan Benan Orbay,Faculty of Business,['labor market']
İrem Otay,Faculty of Engineering and Natural Sciences,"['reverse logistics', 'multicriteria decision making', 'fuzzy sets its extensions', 'fuzzy multitarget mathematical programming', 'humanitarian logistics']"
Eylem İlker Oyman,School of Advanced Vocational Studies,"['software project management', 'enterprise software systems', 'software development processes', 'mobile multimedia communication', 'communication protocols', 'wireless sensor networks', 'database', 'data warehouse systems']"
Yeşim Öniz,Faculty of Engineering and Natural Sciences,['spiking neural networks adaptive neuro fuzzy system learning algorithms abs']
Mustafa Selçuk Özaydın,Faculty of Business,"['sports economics', 'applied microeconomics']"
Dolunay Özbek,Faculty of Law,"['jurisdiction over shipping', 'protection human rights sea', 'maritime security', 'public international law', 'irregular maritime migration', 'law sea', 'maritime delimitation']"
Muammer Özbek,Faculty of Engineering and Natural Sciences,"['dynamic', 'structural health monitoring wind earthquake response robotic systems', 'energy', 'mechanical', 'hydraulics']"
Gencer Özcan,Faculty of Social Sciences and Humanities,"['foreign policy türkiye', ""türkiye's eu membership pipelines"", 'syria', 'russia', 'iran', 'relations with israel', ' pkk', ""türkiye's military""]"
Meryem Özcan,Faculty of Business,"['selfdetermination theory', 'self identity workplace', 'leadership', 'organizational behavior', 'social sustainability', 'organizational psychology', 'sustainability organizations']"
Çağdaş Özer,School of Advanced Vocational Studies,"['cyber security', 'big data', 'blockchain', 'data mining', 'artificial intelligence']"
Dilara Fatoş Özer,Faculty of Health Sciences,"['special education', 'disability studies', 'inclusion', 'psychomotor development', 'early intervention']"
Bura Özgül,School of Advanced Vocational Studies,"['ottoman period food beverage', 'enterprises', 'mevlevi culinary structure', 'sukiyabashi jiro & el bulli & le gavroche', 'haute cuisine vs avant garde cuisine', '15th century fatih period culinary culture']"
Ethem Özgüven,Faculty of Communication,"['video art / short film', 'video art', 'documentary', 'audiovisual production', 'contra']"
Melike Özmen,Faculty of Communication,"['storytelling', 'urban communication', 'experience design', 'information design', 'history design', 'visual culture', 'transmedia', 'design theories', 'visual storytelling', 'visual communication design', 'visual arts', 'urban graphics']"
Oğuz Öztunalı,Faculty of Business,"['macroeconomics', 'growth development', 'applied econometrics', 'economic inequality intergenerational transmission socioeconomic disadvantages']"
Ayşegül Öztürk,Vocational School of Health Services,"['oral implantology', 'botulinum toxin (botox) injections', 'implant supported prostheses', 'dentistry', 'dental implant burs', 'oral maxillofacial surgery']"
Serda Selin Öztürk,Faculty of Business,"['cryptocurrencies', 'carbon tax', 'sensitivity analysis', 'stochastic volatility', 'electricity prices volatility']"
Gamze Öztürk Danışman,Faculty of Business,"['banking', 'environmental social governance (esg)', 'aidriven corporate performance', 'corporate governance', 'corporate finance', 'sustainable finance']"
Cenktan Özyıldırım,Faculty of Engineering and Natural Sciences,"['stabilization programs banking', 'financial forecasting modeling financial risk management']"
Umut Paksoy,Vocational School of Health Services,"['sports sciences', 'physical therapy rehabilitation']"
Mehmet Nur Alpaslan Parlakçı,Faculty of Engineering and Natural Sciences,"['hinfinity control', 'variable structure control', 'time delay systems', 'linear matrix inequalities', 'robust control']"
Süheyla Pehlevan,General Education Department,['turkish language']
Amina Rezoug Ayar,Faculty of Architecture,"['computational methods', 'decolonial theories', 'home culture', 'digital fabrication', 'design anthropology', 'shape grammars', 'use design contexts']"
Şadan İnan Rüma,Faculty of Social Sciences and Humanities,"['economic security', 'political economy turkish foreign policy energy politics', 'balkans', 'eurasia', 'russia', 'international political economy']"
Erkan Saka,Faculty of Communication,"['media/digital anthropology', 'science technology studies (sts)', 'digital ethnography', 'digital disinformation', 'artificial intelligence ethics', 'literacy']"
Kerem Cem Sanlı Sanlı,Faculty of Law,"['competition law policy', 'liability law', 'economic analysis law']"
Murat Sarıbay,Faculty of Engineering and Natural Sciences,"['vibration', 'finite element methods', 'energy density approach', 'residual stress analysis', 'cae methodology development', 'contact mechanics', 'welding', 'plasticity', 'simulation crash behavior', 'static dynamic fracture mechanics', 'user defined subroutines', 'parallel programming', 'computational mechanics', 'mechanical design optimization', 'mixedmode fatigue crack growth', 'structural analysis reliability', 'multiscale fracture', 'lowcycle highcycle fatigue', 'reliability analysis semiconductor packages']"
Baykal Sarıoğlu,Faculty of Engineering and Natural Sciences,"['microelectronics', 'biomedical', 'embedded system']"
Tuğçe Sarul,Vocational School of Health Services,"['molecular biology', 'gene polymorphism', 'genetic factors associated with antisocial behaviors aggression', 'immunology', 'monoaminoxidase a (maoa) gene', 'pathophysiology behavioral disorder gene polymorphisms related neurotransmitters']"
Öznur Sevdiren,Faculty of Law,"['impunity', 'freedom expression', 'criminology', 'penology', 'comparative criminal law', 'international criminal law', 'criminal justice', 'preventive police powers', 'child law juvenile courts', ' data protection law', 'human rights law', 'criminal law', 'hate crimes', 'criminal procedure law', 'hate speech']"
Hande Seven Avuk,Vocational School of Health Services,"['nutritional supplements', 'medical nutrition therapy diseases', 'functional foods', 'clinical nutrition', 'sports nutrition', 'erogenic aids']"
Fikret Soner,School of Advanced Vocational Studies,"['gastrodiplomacy', 'turkish cuisine', 'local cuisines', 'gastronomy tourism', 'local agriculture']"
Cemil Ozan Soydemir,Faculty of Business,"['decent work', 'organization theory', 'business history']"
Mualla Buket Soygüt,Faculty of Law,"['impunity', 'human rights', 'restorative justice', 'violence against women', 'alternative dispute resolution - reconciliation', 'criminal criminal procedure law', 'sanction theory - confiscation', 'humanitarian law', 'hate crimes']"
Yasemin Soylu,Faculty of Architecture,"['sustainability', 'design education', 'design research methods', 'ergonomics', 'design management']"
Elena Battini Sönmez,Faculty of Engineering and Natural Sciences,"['artificial intelligence', 'machine learning', 'humanrobot interaction', 'digital image processing']"
Yudum Söylemez,Faculty of Social Sciences and Humanities,['marriage family therapy']
Özden Sözalan,Faculty of Social Sciences and Humanities,"['literature', 'environment literature', 'british american theater', 'theater film theories']"
Ilgar Şafak,Faculty of Engineering and Natural Sciences,"['hurricanes', 'advanced data analysis', 'laboratory experiments', 'tides', 'rivers', 'hydrodynamics morphodynamics oceans', 'naturebased engineering solutions', 'turbulence', 'numerical modelling', 'nearshore coastal areas', 'currents', 'seas', 'sediment transport', 'lakes', 'field experiments', 'design water coastal structures', 'boundary layer', 'estuaries', 'waves']"
Doruk Şen,Faculty of Engineering and Natural Sciences,"['machine learning', 'computational social science', 'multimodal learning', 'natural language processing', 'network analysis']"
İpek Şen,Faculty of Engineering and Natural Sciences,"['signal processing', 'machine learning', 'biomedical instrumentation']"
Esra Şengelen Sevim,Faculty of Engineering and Natural Sciences,"['2absorbent ideals commutative rings modules', 'finsler geometry', 'applications mathematical physics', 'riemannian geometry', 'commutative algebra', 'infinitesimal transformations some special riemann spaces', 'einstein finsler metrics']"
Cansu Nur Şimşek,Faculty of Business,"['socialecological studies', 'cultural studies', 'digital art', 'digital media', 'heritage', 'game design', 'critical play', 'visual culture', 'visual media communication design', 'critical media studies', 'contemporary art exhibitions', 'video game studies']"
Zeynep Şimşek,Vocational School of Health Services,"['social work', 'migration', 'children', 'seasonal agricultural work']"
Zeynep Talay Turner,Faculty of Social Sciences and Humanities,"['self philosophies', 'ethics', 'philosophy literature']"
İpek Tan Çelebi,Faculty of Communication,"['cultural studies', 'creative industry', 'creative labor', 'advertising history', 'advertising works']"
Turgut Tarhanlı,Faculty of Law,"['nonstate actors international law', 'international peace security law', 'human rights indicators', 'legal regime straits used international navigation montreux convention 1936', 'human rights activism (theoretical basis activism strategy)', 'space law', 'international law treaties', 'business human rights', 'international human rights law', 'monitoring review mechanisms international human rights law', 'international law']"
Tunahan Taşçı,Vocational School of Health Services,"['rna', 'dna', 'dna damage', 'cell viability', 'cell culture', 'toxicology', 'oxidative stress']"
Rana Tekcan,Faculty of Social Sciences and Humanities,"['literary biography', '18th century english literature', 'shakespeare', 'jane austen', 'history theory poetry', 'literary translation']"
Ebru Çiğdem Thwaites Diken,Faculty of Communication,"['danish cinema', 'documentary film', 'film social theory', 'feminist film theories']"
Banu Tomruk,Faculty of Architecture,"['circular architecture', 'urban morphology', 'urban design', 'ecological urbanism', 'ecological restoration']"
Eren Tosyalı,Vocational School of Health Services,"['physics', 'mathematical physics', 'dynamical systems', 'nonlinear dynamical systems', 'chaotic systems', 'statistical physics', 'high energy particle physics', 'condensed matter physics']"
Mehmet Ali Tuğtan,Faculty of Social Sciences and Humanities,"['world politics', 'international relations', 'distance education', 'hybrid', 'digitization', 'turkish foreign policy']"
Aslı Tunç,Faculty of Communication,"['communication research', 'communication theories', 'social media', 'gender', 'new media']"
Kerim Mehmet Murat Tunç,Faculty of Engineering and Natural Sciences,"['steel', 'electric arc steelmaking furnace energy analysis liquid steel']"
Dilara Turan,Faculty of Social Sciences and Humanities,"['cultural studies', 'ethnographic fieldwork', 'music sociology', 'musicology', 'contemporary music scene türkiye']"
Ömer Turan,Faculty of Social Sciences and Humanities,"['social movements', 'political sociology', 'social theory', 'intellectual history', 'historical sociology', 'turkish politics', 'giftgiving', 'social memory']"
Gizem Turna Cebeci,Faculty of Business,"['financial biases', 'risk preference', 'financial literacy', 'experimental economics', 'intergenerational transmission', 'behavioral economics', 'behavioral finance']"
Abdullah Türk,School of Applied Sciences,"['human resources management', 'strategic business management', 'aviation management', 'leadership motivation', 'management organization']"
Mert Uçankale,Vocational School of Health Services,"['denture adhesives', 'dental implants', 'implantsupported prosthesis']"
Başak Uçanok Tan,Faculty of Communication,"['organizational psychology', 'crosscultural management', 'organizational behavior']"
Pınar Uğurlu Kowalski,Faculty of Engineering and Natural Sciences,"['model theory', 'group theory']"
Efe Kaan Ulu,School of Applied Sciences,"['local food', 'gastronomy tourism', 'food heritage', 'functional foods']"
Özlem Ulucan Açan,Faculty of Engineering and Natural Sciences,"['computer aided drug design', 'molecular modeling', 'statistical modeling', 'functional genomics', 'biomolecular interactions']"
Yağmur İdil Ulusoy,Vocational School of Health Services,"['molecular imaging', 'radiation physics', 'single photon emission tomography', 'positron emission tomography', 'medical data analytics', 'nuclear medicine', 'radionuclide dosimetry', 'medical imaging']"
Zuhal Ulusoy,Faculty of Architecture,"['conceptual design', 'evaluation', 'design education', 'graphic representation']"
Oğuz Usman,Faculty of Social Sciences and Humanities,"['musicology', 'music', 'music theory', 'musical composition']"
Ayşe Utkan Kahraman,General Education Department,"['information technology', 'spreadsheet', 'word processing', 'database', 'presentation']"
Pınar Uyan Semerci,Faculty of Social Sciences and Humanities,"['political sociology', 'political movements history political thought', 'political science methodology']"
Ayşe Uyduranoğlu,Faculty of Business,"['climate change', 'ecological citizenship', 'sustainable transport', 'circular economy', 'smart cities', 'energy water policies', 'carbon pricing']"
Veli Şafak Uysal,Faculty of Architecture,"['theory interiority interior (urban interiors', 'history criticism (bodyspace relationship', 'spirituality', 'architectural interior design (design methodologies', 'architectural theory', 'embodiment', 'computational thought', 'spatial narratives', 'utopias', 'cemetery death studies)', 'visual narratives', 'temporality', 'ecology)', 'spatial experience', 'historical experience', 'design education)']"
Reyhan Selin Uysal Atacan,Faculty of Engineering and Natural Sciences,"['spectroscopic analysis methods', 'aroma active phenolic compounds', 'enzyme technology', 'sensor development', 'food chemistry', 'biotechnological processes']"
İdil Üçer Karababa,Faculty of Architecture,"['ancient greek roman art architecture', 'history architecture', 'cultural heritage reuse', 'presentation archaeological sites museums', 'basic design']"
Derya Üçoğlu,Faculty of Business,"['forensic accounting', 'financial reporting', 'accounting education', 'financial analysis']"
Mehmet Ürgüp,School of Advanced Vocational Studies,"['graphic design', 'artificial intelligence', 'ui/ux', 'movie design', 'game design', 'architectural digital design', 'animation', 'augmented reality', '3d design', 'virtual reality', 'motion graphic design', 'visual effect', '3d typography']"
Merve Üsküplü,School of Applied Sciences,"['gender equality', 'empowerment', 'physical activity', 'sports', 'sociology sports', 'serious leisure physical activity', 'gender', ""women's empowerment"", 'media']"
Anıl Özge Üstünel Balcı,Faculty of Social Sciences and Humanities,"['violence against women', 'qualitative research methods', 'dating violence', 'prevention intervention studies mental health', 'gender psychology', 'feminist psychology']"
Ryan Macey Wise,Faculty of Social Sciences and Humanities,"['intergenerational relationships', 'grandparenting', 'aging', 'autonomy development', 'parenting']"
Şebnem Yalınay Çinici,Faculty of Architecture,"['integration highend design production technologies design education', 'philosophy technology architecture', 'ontology', 'sustainable futures', 'selforganizing structures life fictions', 'first year design education', 'architectural design architectural theory', 'nonhierarchical']"
Veliye Yanlı,Faculty of Law,"['commercial law', 'capital markets law', 'company law']"
Candan Yasan Tepetaş,Faculty of Law,"['international arbitration', 'alternative dispute resolution (adr)', 'private international law']"
Abdurrahman Tuğrul Yazar,Faculty of Architecture,"['architectural geometry', 'robotics', 'computational design', 'digital fabrication technologies', 'coding']"
Ege Yazgan,Faculty of Business,"['convergence hypothesis', 'convergans clubs', 'maximum clique algorithm', 'growth economy']"
Nurhan Yentürk,Faculty of Business,"['youth work', 'universitycivil society relations', 'public economy', 'civil society capacity strengthening', 'child studies']"
Elif Aslı Yetkin,Faculty of Engineering and Natural Sciences,"['exotic meson analysis', 'high energy physics', 'complex data analysis', 'detector rd']"
Savaş Yıldırım,Faculty of Engineering and Natural Sciences,"['artificial intelligence', 'machine learning', 'natural language processing', 'deep learning']"
Umman Mahir Yıldırım,Faculty of Engineering and Natural Sciences,"['machine learning', 'metaheuristic approaches', 'transportation logistics problems', 'operations research']"
Yücel Yıldırım,Faculty of Engineering and Natural Sciences,"['ferroelectric materials', 'quantum heat engines', 'high technology superconductors', 'quantum thermodynamics', 'magnetic semiconductors']"
Esra Yıldız,Faculty of Communication,"['ecology', 'memory studies', 'art sustainability', 'visual culture', 'cinema', 'social movements culture', 'gender', 'sociology']"
Funda Yıldız,Vocational School of Health Services,"['disadvantaged groups', 'family health', 'community health', 'violence', 'developmental needs']"
Deniz Yılmaz,Faculty of Engineering and Natural Sciences,"['nanotoxicity', 'nanomaterials', 'nanobiotechnology', 'raman spectroscopy']"
Didem Güneş Yılmaz,Faculty of Architecture,"['climate change', 'fire safety building design', 'disaster management', 'naturebased solutions', 'urban water sensitivity', 'climate change resilient urban design', 'building materials building technologies architecture', 'postdisaster temporarypermanent housing studies']"
Hakan Yılmaz,School of Sports Sciences and Technology,"['brand identity', 'olympic games', 'identification', 'sports marketing', 'life satisfaction', 'sponsorship', 'consumer behavior', 'social identity', 'event management', 'happiness']"
İlyas Yılmaz,Faculty of Engineering and Natural Sciences,"['computational fluid dynamics', 'parallel programming', 'computational heat transfer', 'modeling turbulent flows']"
Alev Yücel,Faculty of Communication,"['journalism', 'political communication', 'digital media', 'media studies']"
Semih Yücel,General Education Department,"['identity communication theories', 'smart cities', 'business model studies', 'gamification', 'cultural difference']"
Yelda Yücel,Faculty of Business,"['economic crises', 'international trade balance payments', 'gender economy', 'labor markets policies', 'macroeconomics', 'economic history', ' great depression']"
Yusuf Yüksekdağ,Faculty of Communication,"['social justice city', 'migration ethics', 'human rights theories', 'ethics datafication', 'ethics', 'commodification', 'smart cities']"
